qrCode,buildingId,unitNumber,type,brandModel,status,المبنى,تاريخ أول تسجيل,تاريخ آخر زيارة,عدد الزيارات المسجلة,,,,,,,
WAD-101-AC-01,1c54f2e1-78c9-4552-8125-5da8fca6ff1a,WD-101,مكيف سبليت,,,الوادي,,,,,,,,,,
BS-101-B-AC-01,a967194c-ba82-46d4-b602-46b4ec973b42,BS-101-B,مكيف سبليت,,,الحي التجاري,,,,,,,,,,
BS-101-B-AC-02,a967194c-ba82-46d4-b602-46b4ec973b42,BS-101-B,مكيف سبليت,,,الحي التجاري,,,,,,,,,,
BS-101-B-WM-01,a967194c-ba82-46d4-b602-46b4ec973b42,BS-101-B,غسالة,,,الحي التجاري,,,,,,,,,,
BS-101-B-RF-01,a967194c-ba82-46d4-b602-46b4ec973b42,BS-101-B,ثلاجة,,,الحي التجاري,,,,,,,,,,
BS-104-B-AC-01,a967194c-ba82-46d4-b602-46b4ec973b42,BS-104-B,مكيف سبليت,,,الحي التجاري,,,,,,,,,,
BS-104-B-AC-02,a967194c-ba82-46d4-b602-46b4ec973b42,BS-104-B,مكيف سبليت,,,الحي التجاري,,,,,,,,,,
BS-104-B-WM-01,a967194c-ba82-46d4-b602-46b4ec973b42,BS-104-B,غسالة,,,الحي التجاري,,,,,,,,,,
BS-104-B-RF-01,a967194c-ba82-46d4-b602-46b4ec973b42,BS-104-B,ثلاجة,,,الحي التجاري,,,,,,,,,,
BS-201-B-AC-01,a967194c-ba82-46d4-b602-46b4ec973b42,BS-201-B,مكيف سبليت,,,الحي التجاري,,,,,,,,,,
BS-201-B-AC-02,a967194c-ba82-46d4-b602-46b4ec973b42,BS-201-B,مكيف سبليت,,,الحي التجاري,,,,,,,,,,
BS-201-B-WM-01,a967194c-ba82-46d4-b602-46b4ec973b42,BS-201-B,غسالة,,,الحي التجاري,,,,,,,,,,
BS-201-B-RF-01,a967194c-ba82-46d4-b602-46b4ec973b42,BS-201-B,ثلاجة,,,الحي التجاري,,,,,,,,,,
BS-204-B-AC-01,a967194c-ba82-46d4-b602-46b4ec973b42,BS-204-B,مكيف سبليت,,,الحي التجاري,,,,,,,,,,
BS-204-B-AC-02,a967194c-ba82-46d4-b602-46b4ec973b42,BS-204-B,مكيف سبليت,,,الحي التجاري,,,,,,,,,,
BS-204-B-WM-01,a967194c-ba82-46d4-b602-46b4ec973b42,BS-204-B,غسالة,,,الحي التجاري,,,,,,,,,,
BS-204-B-RF-01,a967194c-ba82-46d4-b602-46b4ec973b42,BS-204-B,ثلاجة,,,الحي التجاري,,,,,,,,,,
BS-301-B-AC-01,a967194c-ba82-46d4-b602-46b4ec973b42,BS-301-B,مكيف سبليت,,,الحي التجاري,,,,,,,,,,
BS-301-B-AC-02,a967194c-ba82-46d4-b602-46b4ec973b42,BS-301-B,مكيف سبليت,,,الحي التجاري,,,,,,,,,,
BS-301-B-WM-01,a967194c-ba82-46d4-b602-46b4ec973b42,BS-301-B,غسالة,,,الحي التجاري,,,,,,,,,,
BS-301-B-RF-01,a967194c-ba82-46d4-b602-46b4ec973b42,BS-301-B,ثلاجة,,,الحي التجاري,,,,,,,,,,
BS-304-B-AC-01,a967194c-ba82-46d4-b602-46b4ec973b42,BS-304-B,مكيف سبليت,,,الحي التجاري,,,,,,,,,,
BS-304-B-AC-02,a967194c-ba82-46d4-b602-46b4ec973b42,BS-304-B,مكيف سبليت,,,الحي التجاري,,,,,,,,,,
BS-304-B-WM-01,a967194c-ba82-46d4-b602-46b4ec973b42,BS-304-B,غسالة,,,الحي التجاري,,,,,,,,,,
BS-304-B-RF-01,a967194c-ba82-46d4-b602-46b4ec973b42,BS-304-B,ثلاجة,,,الحي التجاري,,,,,,,,,,
BS-401-B-AC-01,a967194c-ba82-46d4-b602-46b4ec973b42,BS-401-B,مكيف سبليت,,,الحي التجاري,,,,,,,,,,
BS-401-B-AC-02,a967194c-ba82-46d4-b602-46b4ec973b42,BS-401-B,مكيف سبليت,,,الحي التجاري,,,,,,,,,,
BS-401-B-WM-01,a967194c-ba82-46d4-b602-46b4ec973b42,BS-401-B,غسالة,,,الحي التجاري,,,,,,,,,,
BS-401-B-RF-01,a967194c-ba82-46d4-b602-46b4ec973b42,BS-401-B,ثلاجة,,,الحي التجاري,,,,,,,,,,
BS-404-B-AC-01,a967194c-ba82-46d4-b602-46b4ec973b42,BS-404-B,مكيف سبليت,,,الحي التجاري,,,,,,,,,,
BS-404-B-AC-02,a967194c-ba82-46d4-b602-46b4ec973b42,BS-404-B,مكيف سبليت,,,الحي التجاري,,,,,,,,,,
BS-404-B-WM-01,a967194c-ba82-46d4-b602-46b4ec973b42,BS-404-B,غسالة,,,الحي التجاري,,,,,,,,,,
BS-404-B-RF-01,a967194c-ba82-46d4-b602-46b4ec973b42,BS-404-B,ثلاجة,,,الحي التجاري,,,,,,,,,,
BS-501-B-AC-01,a967194c-ba82-46d4-b602-46b4ec973b42,BS-501-B,مكيف سبليت,,,الحي التجاري,,,,,,,,,,
BS-501-B-AC-02,a967194c-ba82-46d4-b602-46b4ec973b42,BS-501-B,مكيف سبليت,,,الحي التجاري,,,,,,,,,,
BS-501-B-WM-01,a967194c-ba82-46d4-b602-46b4ec973b42,BS-501-B,غسالة,,,الحي التجاري,,,,,,,,,,
BS-501-B-RF-01,a967194c-ba82-46d4-b602-46b4ec973b42,BS-501-B,ثلاجة,,,الحي التجاري,,,,,,,,,,
BS-504-B-AC-01,a967194c-ba82-46d4-b602-46b4ec973b42,BS-504-B,مكيف سبليت,,,الحي التجاري,,,,,,,,,,
BS-504-B-AC-02,a967194c-ba82-46d4-b602-46b4ec973b42,BS-504-B,مكيف سبليت,,,الحي التجاري,,,,,,,,,,
BS-504-B-WM-01,a967194c-ba82-46d4-b602-46b4ec973b42,BS-504-B,غسالة,,,الحي التجاري,,,,,,,,,,
BS-504-B-RF-01,a967194c-ba82-46d4-b602-46b4ec973b42,BS-504-B,ثلاجة,,,الحي التجاري,,,,,,,,,,
BS-601-B-AC-01,a967194c-ba82-46d4-b602-46b4ec973b42,BS-601-B,مكيف سبليت,,,الحي التجاري,,,,,,,,,,
BS-601-B-AC-02,a967194c-ba82-46d4-b602-46b4ec973b42,BS-601-B,مكيف سبليت,,,الحي التجاري,,,,,,,,,,
BS-601-B-WM-01,a967194c-ba82-46d4-b602-46b4ec973b42,BS-601-B,غسالة,,,الحي التجاري,,,,,,,,,,
BS-601-B-RF-01,a967194c-ba82-46d4-b602-46b4ec973b42,BS-601-B,ثلاجة,,,الحي التجاري,,,,,,,,,,
BS-604-B-AC-01,a967194c-ba82-46d4-b602-46b4ec973b42,BS-604-B,مكيف سبليت,,,الحي التجاري,,,,,,,,,,
BS-604-B-AC-02,a967194c-ba82-46d4-b602-46b4ec973b42,BS-604-B,مكيف سبليت,,,الحي التجاري,,,,,,,,,,
BS-604-B-WM-01,a967194c-ba82-46d4-b602-46b4ec973b42,BS-604-B,غسالة,,,الحي التجاري,,,,,,,,,,
BS-604-B-RF-01,a967194c-ba82-46d4-b602-46b4ec973b42,BS-604-B,ثلاجة,,,الحي التجاري,,,,,,,,,,
BS-701-B-AC-01,a967194c-ba82-46d4-b602-46b4ec973b42,BS-701-B,مكيف سبليت,,,الحي التجاري,,,,,,,,,,
BS-701-B-AC-02,a967194c-ba82-46d4-b602-46b4ec973b42,BS-701-B,مكيف سبليت,,,الحي التجاري,,,,,,,,,,
BS-701-B-WM-01,a967194c-ba82-46d4-b602-46b4ec973b42,BS-701-B,غسالة,,,الحي التجاري,,,,,,,,,,
BS-701-B-RF-01,a967194c-ba82-46d4-b602-46b4ec973b42,BS-701-B,ثلاجة,,,الحي التجاري,,,,,,,,,,
BS-704-B-AC-01,a967194c-ba82-46d4-b602-46b4ec973b42,BS-704-B,مكيف سبليت,,,الحي التجاري,,,,,,,,,,
BS-704-B-AC-02,a967194c-ba82-46d4-b602-46b4ec973b42,BS-704-B,مكيف سبليت,,,الحي التجاري,,,,,,,,,,
BS-704-B-WM-01,a967194c-ba82-46d4-b602-46b4ec973b42,BS-704-B,غسالة,,,الحي التجاري,,,,,,,,,,
BS-704-B-RF-01,a967194c-ba82-46d4-b602-46b4ec973b42,BS-704-B,ثلاجة,,,الحي التجاري,,,,,,,,,,
BS-801-B-AC-01,a967194c-ba82-46d4-b602-46b4ec973b42,BS-801-B,مكيف سبليت,,,الحي التجاري,,,,,,,,,,
BS-801-B-AC-02,a967194c-ba82-46d4-b602-46b4ec973b42,BS-801-B,مكيف سبليت,,,الحي التجاري,,,,,,,,,,
BS-801-B-WM-01,a967194c-ba82-46d4-b602-46b4ec973b42,BS-801-B,غسالة,,,الحي التجاري,,,,,,,,,,
BS-801-B-RF-01,a967194c-ba82-46d4-b602-46b4ec973b42,BS-801-B,ثلاجة,,,الحي التجاري,,,,,,,,,,
BS-804-B-AC-01,a967194c-ba82-46d4-b602-46b4ec973b42,BS-804-B,مكيف سبليت,,,الحي التجاري,,,,,,,,,,
BS-804-B-AC-02,a967194c-ba82-46d4-b602-46b4ec973b42,BS-804-B,مكيف سبليت,,,الحي التجاري,,,,,,,,,,
BS-804-B-WM-01,a967194c-ba82-46d4-b602-46b4ec973b42,BS-804-B,غسالة,,,الحي التجاري,,,,,,,,,,
BS-804-B-RF-01,a967194c-ba82-46d4-b602-46b4ec973b42,BS-804-B,ثلاجة,,,الحي التجاري,,,,,,,,,,
BS-102-AC-01,a967194c-ba82-46d4-b602-46b4ec973b42,BS-102,مكيف سبليت,,,الحي التجاري,,,,,,,,,,
BS-102-AC-02,a967194c-ba82-46d4-b602-46b4ec973b42,BS-102,مكيف سبليت,,,الحي التجاري,,,,,,,,,,
BS-102-AC-03,a967194c-ba82-46d4-b602-46b4ec973b42,BS-102,مكيف سبليت,,,الحي التجاري,,,,,,,,,,
BS-102-WM-01,a967194c-ba82-46d4-b602-46b4ec973b42,BS-102,غسالة,,,الحي التجاري,,,,,,,,,,
BS-102-RF-01,a967194c-ba82-46d4-b602-46b4ec973b42,BS-102,ثلاجة,,,الحي التجاري,,,,,,,,,,
BS-103-AC-01,a967194c-ba82-46d4-b602-46b4ec973b42,BS-103,مكيف سبليت,,,الحي التجاري,,,,,,,,,,
BS-103-AC-02,a967194c-ba82-46d4-b602-46b4ec973b42,BS-103,مكيف سبليت,,,الحي التجاري,,,,,,,,,,
BS-103-AC-03,a967194c-ba82-46d4-b602-46b4ec973b42,BS-103,مكيف سبليت,,,الحي التجاري,,,,,,,,,,
BS-103-WM-01,a967194c-ba82-46d4-b602-46b4ec973b42,BS-103,غسالة,,,الحي التجاري,,,,,,,,,,
BS-103-RF-01,a967194c-ba82-46d4-b602-46b4ec973b42,BS-103,ثلاجة,,,الحي التجاري,,,,,,,,,,
BS-202-AC-01,a967194c-ba82-46d4-b602-46b4ec973b42,BS-202,مكيف سبليت,,,الحي التجاري,,,,,,,,,,
BS-202-AC-02,a967194c-ba82-46d4-b602-46b4ec973b42,BS-202,مكيف سبليت,,,الحي التجاري,,,,,,,,,,
BS-202-AC-03,a967194c-ba82-46d4-b602-46b4ec973b42,BS-202,مكيف سبليت,,,الحي التجاري,,,,,,,,,,
BS-202-WM-01,a967194c-ba82-46d4-b602-46b4ec973b42,BS-202,غسالة,,,الحي التجاري,,,,,,,,,,
BS-202-RF-01,a967194c-ba82-46d4-b602-46b4ec973b42,BS-202,ثلاجة,,,الحي التجاري,,,,,,,,,,
BS-203-AC-01,a967194c-ba82-46d4-b602-46b4ec973b42,BS-203,مكيف سبليت,,,الحي التجاري,,,,,,,,,,
BS-203-AC-02,a967194c-ba82-46d4-b602-46b4ec973b42,BS-203,مكيف سبليت,,,الحي التجاري,,,,,,,,,,
BS-203-AC-03,a967194c-ba82-46d4-b602-46b4ec973b42,BS-203,مكيف سبليت,,,الحي التجاري,,,,,,,,,,
BS-203-WM-01,a967194c-ba82-46d4-b602-46b4ec973b42,BS-203,غسالة,,,الحي التجاري,,,,,,,,,,
BS-203-RF-01,a967194c-ba82-46d4-b602-46b4ec973b42,BS-203,ثلاجة,,,الحي التجاري,,,,,,,,,,
BS-302-AC-01,a967194c-ba82-46d4-b602-46b4ec973b42,BS-302,مكيف سبليت,,,الحي التجاري,,,,,,,,,,
BS-302-AC-02,a967194c-ba82-46d4-b602-46b4ec973b42,BS-302,مكيف سبليت,,,الحي التجاري,,,,,,,,,,
BS-302-AC-03,a967194c-ba82-46d4-b602-46b4ec973b42,BS-302,مكيف سبليت,,,الحي التجاري,,,,,,,,,,
BS-302-WM-01,a967194c-ba82-46d4-b602-46b4ec973b42,BS-302,غسالة,,,الحي التجاري,,,,,,,,,,
BS-302-RF-01,a967194c-ba82-46d4-b602-46b4ec973b42,BS-302,ثلاجة,,,الحي التجاري,,,,,,,,,,
BS-303-AC-01,a967194c-ba82-46d4-b602-46b4ec973b42,BS-303,مكيف سبليت,,,الحي التجاري,,,,,,,,,,
BS-303-AC-02,a967194c-ba82-46d4-b602-46b4ec973b42,BS-303,مكيف سبليت,,,الحي التجاري,,,,,,,,,,
BS-303-AC-03,a967194c-ba82-46d4-b602-46b4ec973b42,BS-303,مكيف سبليت,,,الحي التجاري,,,,,,,,,,
BS-303-WM-01,a967194c-ba82-46d4-b602-46b4ec973b42,BS-303,غسالة,,,الحي التجاري,,,,,,,,,,
BS-303-RF-01,a967194c-ba82-46d4-b602-46b4ec973b42,BS-303,ثلاجة,,,الحي التجاري,,,,,,,,,,
BS-402-AC-01,a967194c-ba82-46d4-b602-46b4ec973b42,BS-402,مكيف سبليت,,,الحي التجاري,,,,,,,,,,
BS-402-AC-02,a967194c-ba82-46d4-b602-46b4ec973b42,BS-402,مكيف سبليت,,,الحي التجاري,,,,,,,,,,
BS-402-AC-03,a967194c-ba82-46d4-b602-46b4ec973b42,BS-402,مكيف سبليت,,,الحي التجاري,,,,,,,,,,
BS-402-WM-01,a967194c-ba82-46d4-b602-46b4ec973b42,BS-402,غسالة,,,الحي التجاري,,,,,,,,,,
BS-402-RF-01,a967194c-ba82-46d4-b602-46b4ec973b42,BS-402,ثلاجة,,,الحي التجاري,,,,,,,,,,
BS-403-AC-01,a967194c-ba82-46d4-b602-46b4ec973b42,BS-403,مكيف سبليت,,,الحي التجاري,,,,,,,,,,
BS-403-AC-02,a967194c-ba82-46d4-b602-46b4ec973b42,BS-403,مكيف سبليت,,,الحي التجاري,,,,,,,,,,
BS-403-AC-03,a967194c-ba82-46d4-b602-46b4ec973b42,BS-403,مكيف سبليت,,,الحي التجاري,,,,,,,,,,
BS-403-WM-01,a967194c-ba82-46d4-b602-46b4ec973b42,BS-403,غسالة,,,الحي التجاري,,,,,,,,,,
BS-403-RF-01,a967194c-ba82-46d4-b602-46b4ec973b42,BS-403,ثلاجة,,,الحي التجاري,,,,,,,,,,
BS-502-AC-01,a967194c-ba82-46d4-b602-46b4ec973b42,BS-502,مكيف سبليت,,,الحي التجاري,,,,,,,,,,
BS-502-AC-02,a967194c-ba82-46d4-b602-46b4ec973b42,BS-502,مكيف سبليت,,,الحي التجاري,,,,,,,,,,
BS-502-AC-03,a967194c-ba82-46d4-b602-46b4ec973b42,BS-502,مكيف سبليت,,,الحي التجاري,,,,,,,,,,
BS-502-WM-01,a967194c-ba82-46d4-b602-46b4ec973b42,BS-502,غسالة,,,الحي التجاري,,,,,,,,,,
BS-502-RF-01,a967194c-ba82-46d4-b602-46b4ec973b42,BS-502,ثلاجة,,,الحي التجاري,,,,,,,,,,
BS-503-AC-01,a967194c-ba82-46d4-b602-46b4ec973b42,BS-503,مكيف سبليت,,,الحي التجاري,,,,,,,,,,
BS-503-AC-02,a967194c-ba82-46d4-b602-46b4ec973b42,BS-503,مكيف سبليت,,,الحي التجاري,,,,,,,,,,
BS-503-AC-03,a967194c-ba82-46d4-b602-46b4ec973b42,BS-503,مكيف سبليت,,,الحي التجاري,,,,,,,,,,
BS-503-WM-01,a967194c-ba82-46d4-b602-46b4ec973b42,BS-503,غسالة,,,الحي التجاري,,,,,,,,,,
BS-503-RF-01,a967194c-ba82-46d4-b602-46b4ec973b42,BS-503,ثلاجة,,,الحي التجاري,,,,,,,,,,
BS-602-AC-01,a967194c-ba82-46d4-b602-46b4ec973b42,BS-602,مكيف سبليت,,,الحي التجاري,,,,,,,,,,
BS-602-AC-02,a967194c-ba82-46d4-b602-46b4ec973b42,BS-602,مكيف سبليت,,,الحي التجاري,,,,,,,,,,
BS-602-AC-03,a967194c-ba82-46d4-b602-46b4ec973b42,BS-602,مكيف سبليت,,,الحي التجاري,,,,,,,,,,
BS-602-WM-01,a967194c-ba82-46d4-b602-46b4ec973b42,BS-602,غسالة,,,الحي التجاري,,,,,,,,,,
BS-602-RF-01,a967194c-ba82-46d4-b602-46b4ec973b42,BS-602,ثلاجة,,,الحي التجاري,,,,,,,,,,
BS-603-AC-01,a967194c-ba82-46d4-b602-46b4ec973b42,BS-603,مكيف سبليت,,,الحي التجاري,,,,,,,,,,
BS-603-AC-02,a967194c-ba82-46d4-b602-46b4ec973b42,BS-603,مكيف سبليت,,,الحي التجاري,,,,,,,,,,
BS-603-AC-03,a967194c-ba82-46d4-b602-46b4ec973b42,BS-603,مكيف سبليت,,,الحي التجاري,,,,,,,,,,
BS-603-WM-01,a967194c-ba82-46d4-b602-46b4ec973b42,BS-603,غسالة,,,الحي التجاري,,,,,,,,,,
BS-603-RF-01,a967194c-ba82-46d4-b602-46b4ec973b42,BS-603,ثلاجة,,,الحي التجاري,,,,,,,,,,
BS-702-AC-01,a967194c-ba82-46d4-b602-46b4ec973b42,BS-702,مكيف سبليت,,,الحي التجاري,,,,,,,,,,
BS-702-AC-02,a967194c-ba82-46d4-b602-46b4ec973b42,BS-702,مكيف سبليت,,,الحي التجاري,,,,,,,,,,
BS-702-AC-03,a967194c-ba82-46d4-b602-46b4ec973b42,BS-702,مكيف سبليت,,,الحي التجاري,,,,,,,,,,
BS-702-WM-01,a967194c-ba82-46d4-b602-46b4ec973b42,BS-702,غسالة,,,الحي التجاري,,,,,,,,,,
BS-702-RF-01,a967194c-ba82-46d4-b602-46b4ec973b42,BS-702,ثلاجة,,,الحي التجاري,,,,,,,,,,
BS-703-AC-01,a967194c-ba82-46d4-b602-46b4ec973b42,BS-703,مكيف سبليت,,,الحي التجاري,,,,,,,,,,
BS-703-AC-02,a967194c-ba82-46d4-b602-46b4ec973b42,BS-703,مكيف سبليت,,,الحي التجاري,,,,,,,,,,
BS-703-AC-03,a967194c-ba82-46d4-b602-46b4ec973b42,BS-703,مكيف سبليت,,,الحي التجاري,,,,,,,,,,
BS-703-WM-01,a967194c-ba82-46d4-b602-46b4ec973b42,BS-703,غسالة,,,الحي التجاري,,,,,,,,,,
BS-703-RF-01,a967194c-ba82-46d4-b602-46b4ec973b42,BS-703,ثلاجة,,,الحي التجاري,,,,,,,,,,
BS-802-AC-01,a967194c-ba82-46d4-b602-46b4ec973b42,BS-802,مكيف سبليت,,,الحي التجاري,,,,,,,,,,
BS-802-AC-02,a967194c-ba82-46d4-b602-46b4ec973b42,BS-802,مكيف سبليت,,,الحي التجاري,,,,,,,,,,
BS-802-AC-03,a967194c-ba82-46d4-b602-46b4ec973b42,BS-802,مكيف سبليت,,,الحي التجاري,,,,,,,,,,
BS-802-WM-01,a967194c-ba82-46d4-b602-46b4ec973b42,BS-802,غسالة,,,الحي التجاري,,,,,,,,,,
BS-802-RF-01,a967194c-ba82-46d4-b602-46b4ec973b42,BS-802,ثلاجة,,,الحي التجاري,,,,,,,,,,
BS-803-AC-01,a967194c-ba82-46d4-b602-46b4ec973b42,BS-803,مكيف سبليت,,,الحي التجاري,,,,,,,,,,
BS-803-AC-02,a967194c-ba82-46d4-b602-46b4ec973b42,BS-803,مكيف سبليت,,,الحي التجاري,,,,,,,,,,
BS-803-AC-03,a967194c-ba82-46d4-b602-46b4ec973b42,BS-803,مكيف سبليت,,,الحي التجاري,,,,,,,,,,
BS-803-WM-01,a967194c-ba82-46d4-b602-46b4ec973b42,BS-803,غسالة,,,الحي التجاري,,,,,,,,,,
BS-803-RF-01,a967194c-ba82-46d4-b602-46b4ec973b42,BS-803,ثلاجة,,,الحي التجاري,,,,,,,,,,
M01-AC-01,a967194c-ba82-46d4-b602-46b4ec973b42,M01,مكيف سبليت,,,الحي التجاري,,,,,,,,,,
M01-AC-02,a967194c-ba82-46d4-b602-46b4ec973b42,M01,مكيف سبليت,,,الحي التجاري,,,,,,,,,,
M01-AC-03,a967194c-ba82-46d4-b602-46b4ec973b42,M01,مكيف سبليت,,,الحي التجاري,,,,,,,,,,
M01-WM-01,a967194c-ba82-46d4-b602-46b4ec973b42,M01,غسالة,,,الحي التجاري,,,,,,,,,,
M01-RF-01,a967194c-ba82-46d4-b602-46b4ec973b42,M01,ثلاجة,,,الحي التجاري,,,,,,,,,,
M02-AC-01,a967194c-ba82-46d4-b602-46b4ec973b42,M02,مكيف سبليت,,,الحي التجاري,,,,,,,,,,
M02-AC-02,a967194c-ba82-46d4-b602-46b4ec973b42,M02,مكيف سبليت,,,الحي التجاري,,,,,,,,,,
M02-AC-03,a967194c-ba82-46d4-b602-46b4ec973b42,M02,مكيف سبليت,,,الحي التجاري,,,,,,,,,,
M02-WM-01,a967194c-ba82-46d4-b602-46b4ec973b42,M02,غسالة,,,الحي التجاري,,,,,,,,,,
M02-RF-01,a967194c-ba82-46d4-b602-46b4ec973b42,M02,ثلاجة,,,الحي التجاري,,,,,,,,,,
M03-AC-01,a967194c-ba82-46d4-b602-46b4ec973b42,M03,مكيف سبليت,,,الحي التجاري,,,,,,,,,,
M03-AC-02,a967194c-ba82-46d4-b602-46b4ec973b42,M03,مكيف سبليت,,,الحي التجاري,,,,,,,,,,
M03-AC-03,a967194c-ba82-46d4-b602-46b4ec973b42,M03,مكيف سبليت,,,الحي التجاري,,,,,,,,,,
M03-WM-01,a967194c-ba82-46d4-b602-46b4ec973b42,M03,غسالة,,,الحي التجاري,,,,,,,,,,
M03-RF-01,a967194c-ba82-46d4-b602-46b4ec973b42,M03,ثلاجة,,,الحي التجاري,,,,,,,,,,
M04-AC-01,a967194c-ba82-46d4-b602-46b4ec973b42,M04,مكيف سبليت,,,الحي التجاري,,,,,,,,,,
M04-AC-02,a967194c-ba82-46d4-b602-46b4ec973b42,M04,مكيف سبليت,,,الحي التجاري,,,,,,,,,,
M04-AC-03,a967194c-ba82-46d4-b602-46b4ec973b42,M04,مكيف سبليت,,,الحي التجاري,,,,,,,,,,
M04-WM-01,a967194c-ba82-46d4-b602-46b4ec973b42,M04,غسالة,,,الحي التجاري,,,,,,,,,,
M04-RF-01,a967194c-ba82-46d4-b602-46b4ec973b42,M04,ثلاجة,,,الحي التجاري,,,,,,,,,,
BS-101-A-AC-01,a967194c-ba82-46d4-b602-46b4ec973b42,BS-101-A,مكيف سبليت,,,الحي التجاري,,,,,,,,,,
BS-101-A-RF-01,a967194c-ba82-46d4-b602-46b4ec973b42,BS-101-A,ثلاجة,,,الحي التجاري,,,,,,,,,,
BS-104-A-AC-01,a967194c-ba82-46d4-b602-46b4ec973b42,BS-104-A,مكيف سبليت,,,الحي التجاري,,,,,,,,,,
BS-104-A-RF-01,a967194c-ba82-46d4-b602-46b4ec973b42,BS-104-A,ثلاجة,,,الحي التجاري,,,,,,,,,,
BS-201-A-AC-01,a967194c-ba82-46d4-b602-46b4ec973b42,BS-201-A,مكيف سبليت,,,الحي التجاري,,,,,,,,,,
BS-201-A-RF-01,a967194c-ba82-46d4-b602-46b4ec973b42,BS-201-A,ثلاجة,,,الحي التجاري,,,,,,,,,,
BS-204-A-AC-01,a967194c-ba82-46d4-b602-46b4ec973b42,BS-204-A,مكيف سبليت,,,الحي التجاري,,,,,,,,,,
BS-204-A-RF-01,a967194c-ba82-46d4-b602-46b4ec973b42,BS-204-A,ثلاجة,,,الحي التجاري,,,,,,,,,,
BS-301-A-AC-01,a967194c-ba82-46d4-b602-46b4ec973b42,BS-301-A,مكيف سبليت,,,الحي التجاري,,,,,,,,,,
BS-301-A-RF-01,a967194c-ba82-46d4-b602-46b4ec973b42,BS-301-A,ثلاجة,,,الحي التجاري,,,,,,,,,,
BS-304-A-AC-01,a967194c-ba82-46d4-b602-46b4ec973b42,BS-304-A,مكيف سبليت,,,الحي التجاري,,,,,,,,,,
BS-304-A-RF-01,a967194c-ba82-46d4-b602-46b4ec973b42,BS-304-A,ثلاجة,,,الحي التجاري,,,,,,,,,,
BS-401-A-AC-01,a967194c-ba82-46d4-b602-46b4ec973b42,BS-401-A,مكيف سبليت,,,الحي التجاري,,,,,,,,,,
BS-401-A-RF-01,a967194c-ba82-46d4-b602-46b4ec973b42,BS-401-A,ثلاجة,,,الحي التجاري,,,,,,,,,,216
BS-404-A-AC-01,a967194c-ba82-46d4-b602-46b4ec973b42,BS-404-A,مكيف سبليت,,,الحي التجاري,,,,,,,,,,
BS-404-A-RF-01,a967194c-ba82-46d4-b602-46b4ec973b42,BS-404-A,ثلاجة,,,الحي التجاري,,,,,,,,,,
BS-501-A-AC-01,a967194c-ba82-46d4-b602-46b4ec973b42,BS-501-A,مكيف سبليت,,,الحي التجاري,,,,,,,,,,
BS-501-A-RF-01,a967194c-ba82-46d4-b602-46b4ec973b42,BS-501-A,ثلاجة,,,الحي التجاري,,,,,,,,,,
BS-504-A-AC-01,a967194c-ba82-46d4-b602-46b4ec973b42,BS-504-A,مكيف سبليت,,,الحي التجاري,,,,,,,,,,
BS-504-A-RF-01,a967194c-ba82-46d4-b602-46b4ec973b42,BS-504-A,ثلاجة,,,الحي التجاري,,,,,,,,,,
BS-601-A-AC-01,a967194c-ba82-46d4-b602-46b4ec973b42,BS-601-A,مكيف سبليت,,,الحي التجاري,,,,,,,,,,
BS-601-A-RF-01,a967194c-ba82-46d4-b602-46b4ec973b42,BS-601-A,ثلاجة,,,الحي التجاري,,,,,,,,,,
BS-604-A-AC-01,a967194c-ba82-46d4-b602-46b4ec973b42,BS-604-A,مكيف سبليت,,,الحي التجاري,,,,,,,,,,
BS-604-A-RF-01,a967194c-ba82-46d4-b602-46b4ec973b42,BS-604-A,ثلاجة,,,الحي التجاري,,,,,,,,,,
BS-701-A-AC-01,a967194c-ba82-46d4-b602-46b4ec973b42,BS-701-A,مكيف سبليت,,,الحي التجاري,,,,,,,,,,
BS-701-A-RF-01,a967194c-ba82-46d4-b602-46b4ec973b42,BS-701-A,ثلاجة,,,الحي التجاري,,,,,,,,,,
BS-704-A-AC-01,a967194c-ba82-46d4-b602-46b4ec973b42,BS-704-A,مكيف سبليت,,,الحي التجاري,,,,,,,,,,
BS-704-A-RF-01,a967194c-ba82-46d4-b602-46b4ec973b42,BS-704-A,ثلاجة,,,الحي التجاري,,,,,,,,,,
BS-801-A-AC-01,a967194c-ba82-46d4-b602-46b4ec973b42,BS-801-A,مكيف سبليت,,,الحي التجاري,,,,,,,,,,
BS-801-A-RF-01,a967194c-ba82-46d4-b602-46b4ec973b42,BS-801-A,ثلاجة,,,الحي التجاري,,,,,,,,,,
BS-804-A-AC-01,a967194c-ba82-46d4-b602-46b4ec973b42,BS-804-A,مكيف سبليت,,,الحي التجاري,,,,,,,,,,
BS-804-A-RF-01,a967194c-ba82-46d4-b602-46b4ec973b42,BS-804-A,ثلاجة,,,الحي التجاري,,,,,,,,,,
SA-101-AC-01,9e1babbf-7d50-449d-a9db-626969164ea2,SA-101,مكيف سبليت,,,المعتزة,,,,,,,,,,
SA-101-AC-02,9e1babbf-7d50-449d-a9db-626969164ea2,SA-101,مكيف سبليت,,,المعتزة,,,,,,,,,,
SA-101-WM-01,9e1babbf-7d50-449d-a9db-626969164ea2,SA-101,غسالة,,,المعتزة,,,,,,,,,,
SA-101-RF-01,9e1babbf-7d50-449d-a9db-626969164ea2,SA-101,ثلاجة,,,المعتزة,,,,,,,,,,
SA-102-AC-01,9e1babbf-7d50-449d-a9db-626969164ea2,SA-102,مكيف سبليت,,,المعتزة,,,,,,,,,,
SA-102-AC-02,9e1babbf-7d50-449d-a9db-626969164ea2,SA-102,مكيف سبليت,,,المعتزة,,,,,,,,,,
SA-102-WM-01,9e1babbf-7d50-449d-a9db-626969164ea2,SA-102,غسالة,,,المعتزة,,,,,,,,,,
SA-102-RF-01,9e1babbf-7d50-449d-a9db-626969164ea2,SA-102,ثلاجة,,,المعتزة,,,,,,,,,,
SA-103-AC-01,9e1babbf-7d50-449d-a9db-626969164ea2,SA-103,مكيف سبليت,,,المعتزة,,,,,,,,,,
SA-103-AC-02,9e1babbf-7d50-449d-a9db-626969164ea2,SA-103,مكيف سبليت,,,المعتزة,,,,,,,,,,
SA-103-WM-01,9e1babbf-7d50-449d-a9db-626969164ea2,SA-103,غسالة,,,المعتزة,,,,,,,,,,
SA-103-RF-01,9e1babbf-7d50-449d-a9db-626969164ea2,SA-103,ثلاجة,,,المعتزة,,,,,,,,,,
SA-104-AC-01,9e1babbf-7d50-449d-a9db-626969164ea2,SA-104,مكيف سبليت,,,المعتزة,,,,,,,,,,
SA-104-AC-02,9e1babbf-7d50-449d-a9db-626969164ea2,SA-104,مكيف سبليت,,,المعتزة,,,,,,,,,,
SA-104-WM-01,9e1babbf-7d50-449d-a9db-626969164ea2,SA-104,غسالة,,,المعتزة,,,,,,,,,,
SA-104-RF-01,9e1babbf-7d50-449d-a9db-626969164ea2,SA-104,ثلاجة,,,المعتزة,,,,,,,,,,
SA-105-AC-01,9e1babbf-7d50-449d-a9db-626969164ea2,SA-105,مكيف سبليت,,,المعتزة,,,,,,,,,,
SA-105-AC-02,9e1babbf-7d50-449d-a9db-626969164ea2,SA-105,مكيف سبليت,,,المعتزة,,,,,,,,,,
SA-105-WM-01,9e1babbf-7d50-449d-a9db-626969164ea2,SA-105,غسالة,,,المعتزة,,,,,,,,,,
SA-105-RF-01,9e1babbf-7d50-449d-a9db-626969164ea2,SA-105,ثلاجة,,,المعتزة,,,,,,,,,,
SA-106-AC-01,9e1babbf-7d50-449d-a9db-626969164ea2,SA-106,مكيف سبليت,,,المعتزة,,,,,,,,,,
SA-106-AC-02,9e1babbf-7d50-449d-a9db-626969164ea2,SA-106,مكيف سبليت,,,المعتزة,,,,,,,,,,
SA-106-AC-03,9e1babbf-7d50-449d-a9db-626969164ea2,SA-106,مكيف سبليت,,,المعتزة,,,,,,,,,,
SA-106-WM-01,9e1babbf-7d50-449d-a9db-626969164ea2,SA-106,غسالة,,,المعتزة,,,,,,,,,,
SA-106-RF-01,9e1babbf-7d50-449d-a9db-626969164ea2,SA-106,ثلاجة,,,المعتزة,,,,,,,,,,
SA-2-AC-01,9e1babbf-7d50-449d-a9db-626969164ea2,SA-2,مكيف سبليت,,,المعتزة,,,,,,,,,,
SA-2-AC-02,9e1babbf-7d50-449d-a9db-626969164ea2,SA-2,مكيف سبليت,,,المعتزة,,,,,,,,,,
SA-2-WM-01,9e1babbf-7d50-449d-a9db-626969164ea2,SA-2,غسالة,,,المعتزة,,,,,,,,,,
SA-2-RF-01,9e1babbf-7d50-449d-a9db-626969164ea2,SA-2,ثلاجة,,,المعتزة,,,,,,,,,,
SA-201-AC-01,9e1babbf-7d50-449d-a9db-626969164ea2,SA-201,مكيف سبليت,,,المعتزة,,,,,,,,,,
SA-201-AC-02,9e1babbf-7d50-449d-a9db-626969164ea2,SA-201,مكيف سبليت,,,المعتزة,,,,,,,,,,
SA-201-WM-01,9e1babbf-7d50-449d-a9db-626969164ea2,SA-201,غسالة,,,المعتزة,,,,,,,,,,
SA-201-RF-01,9e1babbf-7d50-449d-a9db-626969164ea2,SA-201,ثلاجة,,,المعتزة,,,,,,,,,,
SA-202-AC-01,9e1babbf-7d50-449d-a9db-626969164ea2,SA-202,مكيف سبليت,,,المعتزة,,,,,,,,,,
SA-202-AC-02,9e1babbf-7d50-449d-a9db-626969164ea2,SA-202,مكيف سبليت,,,المعتزة,,,,,,,,,,
SA-202-AC-03,9e1babbf-7d50-449d-a9db-626969164ea2,SA-202,مكيف سبليت,,,المعتزة,,,,,,,,,,
SA-202-WM-01,9e1babbf-7d50-449d-a9db-626969164ea2,SA-202,غسالة,,,المعتزة,,,,,,,,,,
SA-202-RF-01,9e1babbf-7d50-449d-a9db-626969164ea2,SA-202,ثلاجة,,,المعتزة,,,,,,,,,,
SA-203-AC-01,9e1babbf-7d50-449d-a9db-626969164ea2,SA-203,مكيف سبليت,,,المعتزة,,,,,,,,,,
SA-203-AC-02,9e1babbf-7d50-449d-a9db-626969164ea2,SA-203,مكيف سبليت,,,المعتزة,,,,,,,,,,
SA-203-AC-03,9e1babbf-7d50-449d-a9db-626969164ea2,SA-203,مكيف سبليت,,,المعتزة,,,,,,,,,,
SA-203-WM-01,9e1babbf-7d50-449d-a9db-626969164ea2,SA-203,غسالة,,,المعتزة,,,,,,,,,,
SA-203-RF-01,9e1babbf-7d50-449d-a9db-626969164ea2,SA-203,ثلاجة,,,المعتزة,,,,,,,,,,
SA-204-AC-01,9e1babbf-7d50-449d-a9db-626969164ea2,SA-204,مكيف سبليت,,,المعتزة,,,,,,,,,,
SA-204-AC-02,9e1babbf-7d50-449d-a9db-626969164ea2,SA-204,مكيف سبليت,,,المعتزة,,,,,,,,,,
SA-204-WM-01,9e1babbf-7d50-449d-a9db-626969164ea2,SA-204,غسالة,,,المعتزة,,,,,,,,,,
SA-204-RF-01,9e1babbf-7d50-449d-a9db-626969164ea2,SA-204,ثلاجة,,,المعتزة,,,,,,,,,,
SA-205-AC-01,9e1babbf-7d50-449d-a9db-626969164ea2,SA-205,مكيف سبليت,,,المعتزة,,,,,,,,,,
SA-205-AC-02,9e1babbf-7d50-449d-a9db-626969164ea2,SA-205,مكيف سبليت,,,المعتزة,,,,,,,,,,
SA-205-AC-03,9e1babbf-7d50-449d-a9db-626969164ea2,SA-205,مكيف سبليت,,,المعتزة,,,,,,,,,,
SA-205-WM-01,9e1babbf-7d50-449d-a9db-626969164ea2,SA-205,غسالة,,,المعتزة,,,,,,,,,,
SA-205-RF-01,9e1babbf-7d50-449d-a9db-626969164ea2,SA-205,ثلاجة,,,المعتزة,,,,,,,,,,
SA-206-AC-01,9e1babbf-7d50-449d-a9db-626969164ea2,SA-206,مكيف سبليت,,,المعتزة,,,,,,,,,,
SA-206-AC-02,9e1babbf-7d50-449d-a9db-626969164ea2,SA-206,مكيف سبليت,,,المعتزة,,,,,,,,,,
SA-206-AC-03,9e1babbf-7d50-449d-a9db-626969164ea2,SA-206,مكيف سبليت,,,المعتزة,,,,,,,,,,
SA-206-WM-01,9e1babbf-7d50-449d-a9db-626969164ea2,SA-206,غسالة,,,المعتزة,,,,,,,,,,
SA-206-RF-01,9e1babbf-7d50-449d-a9db-626969164ea2,SA-206,ثلاجة,,,المعتزة,,,,,,,,,,
SA-301-AC-01,9e1babbf-7d50-449d-a9db-626969164ea2,SA-301,مكيف سبليت,,,المعتزة,,,,,,,,,,
SA-301-AC-02,9e1babbf-7d50-449d-a9db-626969164ea2,SA-301,مكيف سبليت,,,المعتزة,,,,,,,,,,
SA-301-WM-01,9e1babbf-7d50-449d-a9db-626969164ea2,SA-301,غسالة,,,المعتزة,,,,,,,,,,
SA-301-RF-01,9e1babbf-7d50-449d-a9db-626969164ea2,SA-301,ثلاجة,,,المعتزة,,,,,,,,,,
SA-302-AC-01,9e1babbf-7d50-449d-a9db-626969164ea2,SA-302,مكيف سبليت,,,المعتزة,,,,,,,,,,
SA-302-AC-02,9e1babbf-7d50-449d-a9db-626969164ea2,SA-302,مكيف سبليت,,,المعتزة,,,,,,,,,,
SA-302-AC-03,9e1babbf-7d50-449d-a9db-626969164ea2,SA-302,مكيف سبليت,,,المعتزة,,,,,,,,,,
SA-302-WM-01,9e1babbf-7d50-449d-a9db-626969164ea2,SA-302,غسالة,,,المعتزة,,,,,,,,,,
SA-302-RF-01,9e1babbf-7d50-449d-a9db-626969164ea2,SA-302,ثلاجة,,,المعتزة,,,,,,,,,,
SA-303-AC-01,9e1babbf-7d50-449d-a9db-626969164ea2,SA-303,مكيف سبليت,,,المعتزة,,,,,,,,,,
SA-303-AC-02,9e1babbf-7d50-449d-a9db-626969164ea2,SA-303,مكيف سبليت,,,المعتزة,,,,,,,,,,
SA-303-AC-03,9e1babbf-7d50-449d-a9db-626969164ea2,SA-303,مكيف سبليت,,,المعتزة,,,,,,,,,,
SA-303-WM-01,9e1babbf-7d50-449d-a9db-626969164ea2,SA-303,غسالة,,,المعتزة,,,,,,,,,,
SA-303-RF-01,9e1babbf-7d50-449d-a9db-626969164ea2,SA-303,ثلاجة,,,المعتزة,,,,,,,,,,
SA-304-AC-01,9e1babbf-7d50-449d-a9db-626969164ea2,SA-304,مكيف سبليت,,,المعتزة,,,,,,,,,,
SA-304-AC-02,9e1babbf-7d50-449d-a9db-626969164ea2,SA-304,مكيف سبليت,,,المعتزة,,,,,,,,,,
SA-304-WM-01,9e1babbf-7d50-449d-a9db-626969164ea2,SA-304,غسالة,,,المعتزة,,,,,,,,,,
SA-304-RF-01,9e1babbf-7d50-449d-a9db-626969164ea2,SA-304,ثلاجة,,,المعتزة,,,,,,,,,,
SA-305-AC-01,9e1babbf-7d50-449d-a9db-626969164ea2,SA-305,مكيف سبليت,,,المعتزة,,,,,,,,,,
SA-305-AC-02,9e1babbf-7d50-449d-a9db-626969164ea2,SA-305,مكيف سبليت,,,المعتزة,,,,,,,,,,
SA-305-AC-03,9e1babbf-7d50-449d-a9db-626969164ea2,SA-305,مكيف سبليت,,,المعتزة,,,,,,,,,,
SA-305-WM-01,9e1babbf-7d50-449d-a9db-626969164ea2,SA-305,غسالة,,,المعتزة,,,,,,,,,,
SA-305-RF-01,9e1babbf-7d50-449d-a9db-626969164ea2,SA-305,ثلاجة,,,المعتزة,,,,,,,,,,
SA-306-AC-01,9e1babbf-7d50-449d-a9db-626969164ea2,SA-306,مكيف سبليت,,,المعتزة,,,,,,,,,,
SA-306-AC-02,9e1babbf-7d50-449d-a9db-626969164ea2,SA-306,مكيف سبليت,,,المعتزة,,,,,,,,,,
SA-306-AC-03,9e1babbf-7d50-449d-a9db-626969164ea2,SA-306,مكيف سبليت,,,المعتزة,,,,,,,,,,
SA-306-WM-01,9e1babbf-7d50-449d-a9db-626969164ea2,SA-306,غسالة,,,المعتزة,,,,,,,,,,
SA-306-RF-01,9e1babbf-7d50-449d-a9db-626969164ea2,SA-306,ثلاجة,,,المعتزة,,,,,,,,,,
SA-401-AC-01,9e1babbf-7d50-449d-a9db-626969164ea2,SA-401,مكيف سبليت,,,المعتزة,,,,,,,,,,
SA-401-AC-02,9e1babbf-7d50-449d-a9db-626969164ea2,SA-401,مكيف سبليت,,,المعتزة,,,,,,,,,,
SA-401-WM-01,9e1babbf-7d50-449d-a9db-626969164ea2,SA-401,غسالة,,,المعتزة,,,,,,,,,,
SA-401-RF-01,9e1babbf-7d50-449d-a9db-626969164ea2,SA-401,ثلاجة,,,المعتزة,,,,,,,,,,
SA-402-AC-01,9e1babbf-7d50-449d-a9db-626969164ea2,SA-402,مكيف سبليت,,,المعتزة,,,,,,,,,,
SA-402-AC-02,9e1babbf-7d50-449d-a9db-626969164ea2,SA-402,مكيف سبليت,,,المعتزة,,,,,,,,,,
SA-402-AC-03,9e1babbf-7d50-449d-a9db-626969164ea2,SA-402,مكيف سبليت,,,المعتزة,,,,,,,,,,
SA-402-WM-01,9e1babbf-7d50-449d-a9db-626969164ea2,SA-402,غسالة,,,المعتزة,,,,,,,,,,
SA-402-RF-01,9e1babbf-7d50-449d-a9db-626969164ea2,SA-402,ثلاجة,,,المعتزة,,,,,,,,,,
SA-403-AC-01,9e1babbf-7d50-449d-a9db-626969164ea2,SA-403,مكيف سبليت,,,المعتزة,,,,,,,,,,
SA-403-AC-02,9e1babbf-7d50-449d-a9db-626969164ea2,SA-403,مكيف سبليت,,,المعتزة,,,,,,,,,,
SA-403-AC-03,9e1babbf-7d50-449d-a9db-626969164ea2,SA-403,مكيف سبليت,,,المعتزة,,,,,,,,,,
SA-403-WM-01,9e1babbf-7d50-449d-a9db-626969164ea2,SA-403,غسالة,,,المعتزة,,,,,,,,,,
SA-403-RF-01,9e1babbf-7d50-449d-a9db-626969164ea2,SA-403,ثلاجة,,,المعتزة,,,,,,,,,,
SA-404-AC-01,9e1babbf-7d50-449d-a9db-626969164ea2,SA-404,مكيف سبليت,,,المعتزة,,,,,,,,,,
SA-404-AC-02,9e1babbf-7d50-449d-a9db-626969164ea2,SA-404,مكيف سبليت,,,المعتزة,,,,,,,,,,
SA-404-WM-01,9e1babbf-7d50-449d-a9db-626969164ea2,SA-404,غسالة,,,المعتزة,,,,,,,,,,
SA-404-RF-01,9e1babbf-7d50-449d-a9db-626969164ea2,SA-404,ثلاجة,,,المعتزة,,,,,,,,,,
SA-405-AC-01,9e1babbf-7d50-449d-a9db-626969164ea2,SA-405,مكيف سبليت,,,المعتزة,,,,,,,,,,
SA-405-AC-02,9e1babbf-7d50-449d-a9db-626969164ea2,SA-405,مكيف سبليت,,,المعتزة,,,,,,,,,,
SA-405-AC-03,9e1babbf-7d50-449d-a9db-626969164ea2,SA-405,مكيف سبليت,,,المعتزة,,,,,,,,,,
SA-405-WM-01,9e1babbf-7d50-449d-a9db-626969164ea2,SA-405,غسالة,,,المعتزة,,,,,,,,,,
SA-405-RF-01,9e1babbf-7d50-449d-a9db-626969164ea2,SA-405,ثلاجة,,,المعتزة,,,,,,,,,,
SA-406-AC-01,9e1babbf-7d50-449d-a9db-626969164ea2,SA-406,مكيف سبليت,,,المعتزة,,,,,,,,,,
SA-406-AC-02,9e1babbf-7d50-449d-a9db-626969164ea2,SA-406,مكيف سبليت,,,المعتزة,,,,,,,,,,
SA-406-AC-03,9e1babbf-7d50-449d-a9db-626969164ea2,SA-406,مكيف سبليت,,,المعتزة,,,,,,,,,,
SA-406-WM-01,9e1babbf-7d50-449d-a9db-626969164ea2,SA-406,غسالة,,,المعتزة,,,,,,,,,,
SA-406-RF-01,9e1babbf-7d50-449d-a9db-626969164ea2,SA-406,ثلاجة,,,المعتزة,,,,,,,,,,
HS-121-AC-01,73ac3372-31fd-4adc-8da4-f96fc65674ba,HS-121,مكيف سبليت,,,الحصيلة,,,,,,,,,,
HS-121-AC-02,73ac3372-31fd-4adc-8da4-f96fc65674ba,HS-121,مكيف سبليت,,,الحصيلة,,,,,,,,,,
HS-121-AC-03,73ac3372-31fd-4adc-8da4-f96fc65674ba,HS-121,مكيف سبليت,,,الحصيلة,,,,,,,,,,
HS-121-AC-04,73ac3372-31fd-4adc-8da4-f96fc65674ba,HS-121,مكيف سبليت,,,الحصيلة,,,,,,,,,,
HS-121-AC-05,73ac3372-31fd-4adc-8da4-f96fc65674ba,HS-121,مكيف سبليت,,,الحصيلة,,,,,,,,,,
HS-121-WM-01,73ac3372-31fd-4adc-8da4-f96fc65674ba,HS-121,غسالة,,,الحصيلة,,,,,,,,,,
HS-121-RF-01,73ac3372-31fd-4adc-8da4-f96fc65674ba,HS-121,ثلاجة,,,الحصيلة,,,,,,,,,,
HS-122-AC-01,73ac3372-31fd-4adc-8da4-f96fc65674ba,HS-122,مكيف سبليت,,,الحصيلة,,,,,,,,,,
HS-122-AC-02,73ac3372-31fd-4adc-8da4-f96fc65674ba,HS-122,مكيف سبليت,,,الحصيلة,,,,,,,,,,
HS-122-AC-03,73ac3372-31fd-4adc-8da4-f96fc65674ba,HS-122,مكيف سبليت,,,الحصيلة,,,,,,,,,,
HS-122-AC-04,73ac3372-31fd-4adc-8da4-f96fc65674ba,HS-122,مكيف سبليت,,,الحصيلة,,,,,,,,,,
HS-122-AC-05,73ac3372-31fd-4adc-8da4-f96fc65674ba,HS-122,مكيف سبليت,,,الحصيلة,,,,,,,,,,
HS-122-WM-01,73ac3372-31fd-4adc-8da4-f96fc65674ba,HS-122,غسالة,,,الحصيلة,,,,,,,,,,
HS-122-RF-01,73ac3372-31fd-4adc-8da4-f96fc65674ba,HS-122,ثلاجة,,,الحصيلة,,,,,,,,,,
HS-123-AC-01,73ac3372-31fd-4adc-8da4-f96fc65674ba,HS-123,مكيف سبليت,,,الحصيلة,,,,,,,,,,
HS-123-AC-02,73ac3372-31fd-4adc-8da4-f96fc65674ba,HS-123,مكيف سبليت,,,الحصيلة,,,,,,,,,,
HS-123-AC-03,73ac3372-31fd-4adc-8da4-f96fc65674ba,HS-123,مكيف سبليت,,,الحصيلة,,,,,,,,,,
HS-123-AC-04,73ac3372-31fd-4adc-8da4-f96fc65674ba,HS-123,مكيف سبليت,,,الحصيلة,,,,,,,,,,
HS-123-AC-05,73ac3372-31fd-4adc-8da4-f96fc65674ba,HS-123,مكيف سبليت,,,الحصيلة,,,,,,,,,,
HS-123-WM-01,73ac3372-31fd-4adc-8da4-f96fc65674ba,HS-123,غسالة,,,الحصيلة,,,,,,,,,,
HS-123-RF-01,73ac3372-31fd-4adc-8da4-f96fc65674ba,HS-123,ثلاجة,,,الحصيلة,,,,,,,,,,
HS-124-AC-01,73ac3372-31fd-4adc-8da4-f96fc65674ba,HS-124,مكيف سبليت,,,الحصيلة,,,,,,,,,,
HS-124-AC-02,73ac3372-31fd-4adc-8da4-f96fc65674ba,HS-124,مكيف سبليت,,,الحصيلة,,,,,,,,,,
HS-124-AC-03,73ac3372-31fd-4adc-8da4-f96fc65674ba,HS-124,مكيف سبليت,,,الحصيلة,,,,,,,,,,
HS-124-WM-01,73ac3372-31fd-4adc-8da4-f96fc65674ba,HS-124,غسالة,,,الحصيلة,,,,,,,,,,
HS-124-RF-01,73ac3372-31fd-4adc-8da4-f96fc65674ba,HS-124,ثلاجة,,,الحصيلة,,,,,,,,,,
HS-125-AC-01,73ac3372-31fd-4adc-8da4-f96fc65674ba,HS-125,مكيف سبليت,,,الحصيلة,,,,,,,,,,
HS-125-AC-02,73ac3372-31fd-4adc-8da4-f96fc65674ba,HS-125,مكيف سبليت,,,الحصيلة,,,,,,,,,,
HS-125-AC-03,73ac3372-31fd-4adc-8da4-f96fc65674ba,HS-125,مكيف سبليت,,,الحصيلة,,,,,,,,,,
HS-125-AC-04,73ac3372-31fd-4adc-8da4-f96fc65674ba,HS-125,مكيف سبليت,,,الحصيلة,,,,,,,,,,
HS-125-AC-05,73ac3372-31fd-4adc-8da4-f96fc65674ba,HS-125,مكيف سبليت,,,الحصيلة,,,,,,,,,,
HS-125-WM-01,73ac3372-31fd-4adc-8da4-f96fc65674ba,HS-125,غسالة,,,الحصيلة,,,,,,,,,,
HS-125-RF-01,73ac3372-31fd-4adc-8da4-f96fc65674ba,HS-125,ثلاجة,,,الحصيلة,,,,,,,,,,
HS-126-AC-01,73ac3372-31fd-4adc-8da4-f96fc65674ba,HS-126,مكيف سبليت,,,الحصيلة,,,,,,,,,,
HS-126-AC-02,73ac3372-31fd-4adc-8da4-f96fc65674ba,HS-126,مكيف سبليت,,,الحصيلة,,,,,,,,,,
HS-126-AC-03,73ac3372-31fd-4adc-8da4-f96fc65674ba,HS-126,مكيف سبليت,,,الحصيلة,,,,,,,,,,
HS-126-AC-04,73ac3372-31fd-4adc-8da4-f96fc65674ba,HS-126,مكيف سبليت,,,الحصيلة,,,,,,,,,,
HS-126-AC-05,73ac3372-31fd-4adc-8da4-f96fc65674ba,HS-126,مكيف سبليت,,,الحصيلة,,,,,,,,,,
HS-126-WM-01,73ac3372-31fd-4adc-8da4-f96fc65674ba,HS-126,غسالة,,,الحصيلة,,,,,,,,,,
HS-126-RF-01,73ac3372-31fd-4adc-8da4-f96fc65674ba,HS-126,ثلاجة,,,الحصيلة,,,,,,,,,,
HS-127-AC-01,73ac3372-31fd-4adc-8da4-f96fc65674ba,HS-127,مكيف سبليت,,,الحصيلة,,,,,,,,,,
HS-127-AC-02,73ac3372-31fd-4adc-8da4-f96fc65674ba,HS-127,مكيف سبليت,,,الحصيلة,,,,,,,,,,
HS-127-AC-03,73ac3372-31fd-4adc-8da4-f96fc65674ba,HS-127,مكيف سبليت,,,الحصيلة,,,,,,,,,,
HS-127-AC-04,73ac3372-31fd-4adc-8da4-f96fc65674ba,HS-127,مكيف سبليت,,,الحصيلة,,,,,,,,,,
HS-127-AC-05,73ac3372-31fd-4adc-8da4-f96fc65674ba,HS-127,مكيف سبليت,,,الحصيلة,,,,,,,,,,
HS-127-WM-01,73ac3372-31fd-4adc-8da4-f96fc65674ba,HS-127,غسالة,,,الحصيلة,,,,,,,,,,
HS-127-RF-01,73ac3372-31fd-4adc-8da4-f96fc65674ba,HS-127,ثلاجة,,,الحصيلة,,,,,,,,,,
HS-128-AC-01,73ac3372-31fd-4adc-8da4-f96fc65674ba,HS-128,مكيف سبليت,,,الحصيلة,,,,,,,,,,
HS-128-AC-02,73ac3372-31fd-4adc-8da4-f96fc65674ba,HS-128,مكيف سبليت,,,الحصيلة,,,,,,,,,,
HS-128-AC-03,73ac3372-31fd-4adc-8da4-f96fc65674ba,HS-128,مكيف سبليت,,,الحصيلة,,,,,,,,,,
HS-128-AC-04,73ac3372-31fd-4adc-8da4-f96fc65674ba,HS-128,مكيف سبليت,,,الحصيلة,,,,,,,,,,
HS-128-AC-05,73ac3372-31fd-4adc-8da4-f96fc65674ba,HS-128,مكيف سبليت,,,الحصيلة,,,,,,,,,,
HS-128-WM-01,73ac3372-31fd-4adc-8da4-f96fc65674ba,HS-128,غسالة,,,الحصيلة,,,,,,,,,,
HS-128-RF-01,73ac3372-31fd-4adc-8da4-f96fc65674ba,HS-128,ثلاجة,,,الحصيلة,,,,,,,,,,
HS-221-AC-01,73ac3372-31fd-4adc-8da4-f96fc65674ba,HS-221,مكيف سبليت,,,الحصيلة,,,,,,,,,,
HS-221-AC-02,73ac3372-31fd-4adc-8da4-f96fc65674ba,HS-221,مكيف سبليت,,,الحصيلة,,,,,,,,,,
HS-221-AC-03,73ac3372-31fd-4adc-8da4-f96fc65674ba,HS-221,مكيف سبليت,,,الحصيلة,,,,,,,,,,
HS-221-AC-04,73ac3372-31fd-4adc-8da4-f96fc65674ba,HS-221,مكيف سبليت,,,الحصيلة,,,,,,,,,,
HS-221-AC-05,73ac3372-31fd-4adc-8da4-f96fc65674ba,HS-221,مكيف سبليت,,,الحصيلة,,,,,,,,,,
HS-221-WM-01,73ac3372-31fd-4adc-8da4-f96fc65674ba,HS-221,غسالة,,,الحصيلة,,,,,,,,,,
HS-221-RF-01,73ac3372-31fd-4adc-8da4-f96fc65674ba,HS-221,ثلاجة,,,الحصيلة,,,,,,,,,,
HS-222-AC-01,73ac3372-31fd-4adc-8da4-f96fc65674ba,HS-222,مكيف سبليت,,,الحصيلة,,,,,,,,,,
HS-222-AC-02,73ac3372-31fd-4adc-8da4-f96fc65674ba,HS-222,مكيف سبليت,,,الحصيلة,,,,,,,,,,
HS-222-AC-03,73ac3372-31fd-4adc-8da4-f96fc65674ba,HS-222,مكيف سبليت,,,الحصيلة,,,,,,,,,,
HS-222-AC-04,73ac3372-31fd-4adc-8da4-f96fc65674ba,HS-222,مكيف سبليت,,,الحصيلة,,,,,,,,,,
HS-222-AC-05,73ac3372-31fd-4adc-8da4-f96fc65674ba,HS-222,مكيف سبليت,,,الحصيلة,,,,,,,,,,
HS-222-WM-01,73ac3372-31fd-4adc-8da4-f96fc65674ba,HS-222,غسالة,,,الحصيلة,,,,,,,,,,
HS-222-RF-01,73ac3372-31fd-4adc-8da4-f96fc65674ba,HS-222,ثلاجة,,,الحصيلة,,,,,,,,,,
HS-223-AC-01,73ac3372-31fd-4adc-8da4-f96fc65674ba,HS-223,مكيف سبليت,,,الحصيلة,,,,,,,,,,
HS-223-AC-02,73ac3372-31fd-4adc-8da4-f96fc65674ba,HS-223,مكيف سبليت,,,الحصيلة,,,,,,,,,,
HS-223-AC-03,73ac3372-31fd-4adc-8da4-f96fc65674ba,HS-223,مكيف سبليت,,,الحصيلة,,,,,,,,,,
HS-223-AC-04,73ac3372-31fd-4adc-8da4-f96fc65674ba,HS-223,مكيف سبليت,,,الحصيلة,,,,,,,,,,
HS-223-AC-05,73ac3372-31fd-4adc-8da4-f96fc65674ba,HS-223,مكيف سبليت,,,الحصيلة,,,,,,,,,,
HS-223-WM-01,73ac3372-31fd-4adc-8da4-f96fc65674ba,HS-223,غسالة,,,الحصيلة,,,,,,,,,,
HS-223-RF-01,73ac3372-31fd-4adc-8da4-f96fc65674ba,HS-223,ثلاجة,,,الحصيلة,,,,,,,,,,
HS-224-AC-01,73ac3372-31fd-4adc-8da4-f96fc65674ba,HS-224,مكيف سبليت,,,الحصيلة,,,,,,,,,,
HS-224-AC-02,73ac3372-31fd-4adc-8da4-f96fc65674ba,HS-224,مكيف سبليت,,,الحصيلة,,,,,,,,,,
HS-224-AC-03,73ac3372-31fd-4adc-8da4-f96fc65674ba,HS-224,مكيف سبليت,,,الحصيلة,,,,,,,,,,
HS-224-AC-04,73ac3372-31fd-4adc-8da4-f96fc65674ba,HS-224,مكيف سبليت,,,الحصيلة,,,,,,,,,,
HS-224-AC-05,73ac3372-31fd-4adc-8da4-f96fc65674ba,HS-224,مكيف سبليت,,,الحصيلة,,,,,,,,,,
HS-224-WM-01,73ac3372-31fd-4adc-8da4-f96fc65674ba,HS-224,غسالة,,,الحصيلة,,,,,,,,,,
HS-224-RF-01,73ac3372-31fd-4adc-8da4-f96fc65674ba,HS-224,ثلاجة,,,الحصيلة,,,,,,,,,,
HS-225-AC-01,73ac3372-31fd-4adc-8da4-f96fc65674ba,HS-225,مكيف سبليت,,,الحصيلة,,,,,,,,,,
HS-225-AC-02,73ac3372-31fd-4adc-8da4-f96fc65674ba,HS-225,مكيف سبليت,,,الحصيلة,,,,,,,,,,
HS-225-AC-03,73ac3372-31fd-4adc-8da4-f96fc65674ba,HS-225,مكيف سبليت,,,الحصيلة,,,,,,,,,,
HS-225-AC-04,73ac3372-31fd-4adc-8da4-f96fc65674ba,HS-225,مكيف سبليت,,,الحصيلة,,,,,,,,,,
HS-225-AC-05,73ac3372-31fd-4adc-8da4-f96fc65674ba,HS-225,مكيف سبليت,,,الحصيلة,,,,,,,,,,
HS-225-WM-01,73ac3372-31fd-4adc-8da4-f96fc65674ba,HS-225,غسالة,,,الحصيلة,,,,,,,,,,
HS-225-RF-01,73ac3372-31fd-4adc-8da4-f96fc65674ba,HS-225,ثلاجة,,,الحصيلة,,,,,,,,,,
HS-226-AC-01,73ac3372-31fd-4adc-8da4-f96fc65674ba,HS-226,مكيف سبليت,,,الحصيلة,,,,,,,,,,
HS-226-AC-02,73ac3372-31fd-4adc-8da4-f96fc65674ba,HS-226,مكيف سبليت,,,الحصيلة,,,,,,,,,,
HS-226-AC-03,73ac3372-31fd-4adc-8da4-f96fc65674ba,HS-226,مكيف سبليت,,,الحصيلة,,,,,,,,,,
HS-226-AC-04,73ac3372-31fd-4adc-8da4-f96fc65674ba,HS-226,مكيف سبليت,,,الحصيلة,,,,,,,,,,
HS-226-AC-05,73ac3372-31fd-4adc-8da4-f96fc65674ba,HS-226,مكيف سبليت,,,الحصيلة,,,,,,,,,,
HS-226-WM-01,73ac3372-31fd-4adc-8da4-f96fc65674ba,HS-226,غسالة,,,الحصيلة,,,,,,,,,,
HS-226-RF-01,73ac3372-31fd-4adc-8da4-f96fc65674ba,HS-226,ثلاجة,,,الحصيلة,,,,,,,,,,
HS-227-AC-01,73ac3372-31fd-4adc-8da4-f96fc65674ba,HS-227,مكيف سبليت,,,الحصيلة,,,,,,,,,,
HS-227-AC-02,73ac3372-31fd-4adc-8da4-f96fc65674ba,HS-227,مكيف سبليت,,,الحصيلة,,,,,,,,,,
HS-227-AC-03,73ac3372-31fd-4adc-8da4-f96fc65674ba,HS-227,مكيف سبليت,,,الحصيلة,,,,,,,,,,
HS-227-AC-04,73ac3372-31fd-4adc-8da4-f96fc65674ba,HS-227,مكيف سبليت,,,الحصيلة,,,,,,,,,,
HS-227-AC-05,73ac3372-31fd-4adc-8da4-f96fc65674ba,HS-227,مكيف سبليت,,,الحصيلة,,,,,,,,,,
HS-227-WM-01,73ac3372-31fd-4adc-8da4-f96fc65674ba,HS-227,غسالة,,,الحصيلة,,,,,,,,,,
HS-227-RF-01,73ac3372-31fd-4adc-8da4-f96fc65674ba,HS-227,ثلاجة,,,الحصيلة,,,,,,,,,,
HS-228-AC-01,73ac3372-31fd-4adc-8da4-f96fc65674ba,HS-228,مكيف سبليت,,,الحصيلة,,,,,,,,,,
HS-228-AC-02,73ac3372-31fd-4adc-8da4-f96fc65674ba,HS-228,مكيف سبليت,,,الحصيلة,,,,,,,,,,
HS-228-AC-03,73ac3372-31fd-4adc-8da4-f96fc65674ba,HS-228,مكيف سبليت,,,الحصيلة,,,,,,,,,,
HS-228-AC-04,73ac3372-31fd-4adc-8da4-f96fc65674ba,HS-228,مكيف سبليت,,,الحصيلة,,,,,,,,,,
HS-228-AC-05,73ac3372-31fd-4adc-8da4-f96fc65674ba,HS-228,مكيف سبليت,,,الحصيلة,,,,,,,,,,
HS-228-WM-01,73ac3372-31fd-4adc-8da4-f96fc65674ba,HS-228,غسالة,,,الحصيلة,,,,,,,,,,
HS-228-RF-01,73ac3372-31fd-4adc-8da4-f96fc65674ba,HS-228,ثلاجة,,,الحصيلة,,,,,,,,,,
HS-321-AC-01,73ac3372-31fd-4adc-8da4-f96fc65674ba,HS-321,مكيف سبليت,,,الحصيلة,,,,,,,,,,
HS-321-AC-02,73ac3372-31fd-4adc-8da4-f96fc65674ba,HS-321,مكيف سبليت,,,الحصيلة,,,,,,,,,,
HS-321-AC-03,73ac3372-31fd-4adc-8da4-f96fc65674ba,HS-321,مكيف سبليت,,,الحصيلة,,,,,,,,,,
HS-321-AC-04,73ac3372-31fd-4adc-8da4-f96fc65674ba,HS-321,مكيف سبليت,,,الحصيلة,,,,,,,,,,
HS-321-AC-05,73ac3372-31fd-4adc-8da4-f96fc65674ba,HS-321,مكيف سبليت,,,الحصيلة,,,,,,,,,,
HS-321-WM-01,73ac3372-31fd-4adc-8da4-f96fc65674ba,HS-321,غسالة,,,الحصيلة,,,,,,,,,,
HS-321-RF-01,73ac3372-31fd-4adc-8da4-f96fc65674ba,HS-321,ثلاجة,,,الحصيلة,,,,,,,,,,
HS-322-AC-01,73ac3372-31fd-4adc-8da4-f96fc65674ba,HS-322,مكيف سبليت,,,الحصيلة,,,,,,,,,,
HS-322-AC-02,73ac3372-31fd-4adc-8da4-f96fc65674ba,HS-322,مكيف سبليت,,,الحصيلة,,,,,,,,,,
HS-322-AC-03,73ac3372-31fd-4adc-8da4-f96fc65674ba,HS-322,مكيف سبليت,,,الحصيلة,,,,,,,,,,
HS-322-AC-04,73ac3372-31fd-4adc-8da4-f96fc65674ba,HS-322,مكيف سبليت,,,الحصيلة,,,,,,,,,,
HS-322-AC-05,73ac3372-31fd-4adc-8da4-f96fc65674ba,HS-322,مكيف سبليت,,,الحصيلة,,,,,,,,,,
HS-322-WM-01,73ac3372-31fd-4adc-8da4-f96fc65674ba,HS-322,غسالة,,,الحصيلة,,,,,,,,,,
HS-322-RF-01,73ac3372-31fd-4adc-8da4-f96fc65674ba,HS-322,ثلاجة,,,الحصيلة,,,,,,,,,,
HS-323-AC-01,73ac3372-31fd-4adc-8da4-f96fc65674ba,HS-323,مكيف سبليت,,,الحصيلة,,,,,,,,,,
HS-323-AC-02,73ac3372-31fd-4adc-8da4-f96fc65674ba,HS-323,مكيف سبليت,,,الحصيلة,,,,,,,,,,
HS-323-AC-03,73ac3372-31fd-4adc-8da4-f96fc65674ba,HS-323,مكيف سبليت,,,الحصيلة,,,,,,,,,,
HS-323-AC-04,73ac3372-31fd-4adc-8da4-f96fc65674ba,HS-323,مكيف سبليت,,,الحصيلة,,,,,,,,,,
HS-323-AC-05,73ac3372-31fd-4adc-8da4-f96fc65674ba,HS-323,مكيف سبليت,,,الحصيلة,,,,,,,,,,
HS-323-WM-01,73ac3372-31fd-4adc-8da4-f96fc65674ba,HS-323,غسالة,,,الحصيلة,,,,,,,,,,
HS-323-RF-01,73ac3372-31fd-4adc-8da4-f96fc65674ba,HS-323,ثلاجة,,,الحصيلة,,,,,,,,,,
HS-324-AC-01,73ac3372-31fd-4adc-8da4-f96fc65674ba,HS-324,مكيف سبليت,,,الحصيلة,,,,,,,,,,
HS-324-AC-02,73ac3372-31fd-4adc-8da4-f96fc65674ba,HS-324,مكيف سبليت,,,الحصيلة,,,,,,,,,,
HS-324-AC-03,73ac3372-31fd-4adc-8da4-f96fc65674ba,HS-324,مكيف سبليت,,,الحصيلة,,,,,,,,,,
HS-324-AC-04,73ac3372-31fd-4adc-8da4-f96fc65674ba,HS-324,مكيف سبليت,,,الحصيلة,,,,,,,,,,
HS-324-AC-05,73ac3372-31fd-4adc-8da4-f96fc65674ba,HS-324,مكيف سبليت,,,الحصيلة,,,,,,,,,,
HS-324-WM-01,73ac3372-31fd-4adc-8da4-f96fc65674ba,HS-324,غسالة,,,الحصيلة,,,,,,,,,,
HS-324-RF-01,73ac3372-31fd-4adc-8da4-f96fc65674ba,HS-324,ثلاجة,,,الحصيلة,,,,,,,,,,
HS-325-AC-01,73ac3372-31fd-4adc-8da4-f96fc65674ba,HS-325,مكيف سبليت,,,الحصيلة,,,,,,,,,,
HS-325-AC-02,73ac3372-31fd-4adc-8da4-f96fc65674ba,HS-325,مكيف سبليت,,,الحصيلة,,,,,,,,,,
HS-325-AC-03,73ac3372-31fd-4adc-8da4-f96fc65674ba,HS-325,مكيف سبليت,,,الحصيلة,,,,,,,,,,
HS-325-AC-04,73ac3372-31fd-4adc-8da4-f96fc65674ba,HS-325,مكيف سبليت,,,الحصيلة,,,,,,,,,,
HS-325-AC-05,73ac3372-31fd-4adc-8da4-f96fc65674ba,HS-325,مكيف سبليت,,,الحصيلة,,,,,,,,,,
HS-325-WM-01,73ac3372-31fd-4adc-8da4-f96fc65674ba,HS-325,غسالة,,,الحصيلة,,,,,,,,,,
HS-325-RF-01,73ac3372-31fd-4adc-8da4-f96fc65674ba,HS-325,ثلاجة,,,الحصيلة,,,,,,,,,,
HS-326-AC-01,73ac3372-31fd-4adc-8da4-f96fc65674ba,HS-326,مكيف سبليت,,,الحصيلة,,,,,,,,,,
HS-326-AC-02,73ac3372-31fd-4adc-8da4-f96fc65674ba,HS-326,مكيف سبليت,,,الحصيلة,,,,,,,,,,
HS-326-AC-03,73ac3372-31fd-4adc-8da4-f96fc65674ba,HS-326,مكيف سبليت,,,الحصيلة,,,,,,,,,,
HS-326-AC-04,73ac3372-31fd-4adc-8da4-f96fc65674ba,HS-326,مكيف سبليت,,,الحصيلة,,,,,,,,,,
HS-326-AC-05,73ac3372-31fd-4adc-8da4-f96fc65674ba,HS-326,مكيف سبليت,,,الحصيلة,,,,,,,,,,
HS-326-WM-01,73ac3372-31fd-4adc-8da4-f96fc65674ba,HS-326,غسالة,,,الحصيلة,,,,,,,,,,
HS-326-RF-01,73ac3372-31fd-4adc-8da4-f96fc65674ba,HS-326,ثلاجة,,,الحصيلة,,,,,,,,,,
HS-327-AC-01,73ac3372-31fd-4adc-8da4-f96fc65674ba,HS-327,مكيف سبليت,,,الحصيلة,,,,,,,,,,
HS-327-AC-02,73ac3372-31fd-4adc-8da4-f96fc65674ba,HS-327,مكيف سبليت,,,الحصيلة,,,,,,,,,,
HS-327-AC-03,73ac3372-31fd-4adc-8da4-f96fc65674ba,HS-327,مكيف سبليت,,,الحصيلة,,,,,,,,,,
HS-327-AC-04,73ac3372-31fd-4adc-8da4-f96fc65674ba,HS-327,مكيف سبليت,,,الحصيلة,,,,,,,,,,
HS-327-AC-05,73ac3372-31fd-4adc-8da4-f96fc65674ba,HS-327,مكيف سبليت,,,الحصيلة,,,,,,,,,,
HS-327-WM-01,73ac3372-31fd-4adc-8da4-f96fc65674ba,HS-327,غسالة,,,الحصيلة,,,,,,,,,,
HS-327-RF-01,73ac3372-31fd-4adc-8da4-f96fc65674ba,HS-327,ثلاجة,,,الحصيلة,,,,,,,,,,
HS-328-AC-01,73ac3372-31fd-4adc-8da4-f96fc65674ba,HS-328,مكيف سبليت,,,الحصيلة,,,,,,,,,,
HS-328-AC-02,73ac3372-31fd-4adc-8da4-f96fc65674ba,HS-328,مكيف سبليت,,,الحصيلة,,,,,,,,,,
HS-328-AC-03,73ac3372-31fd-4adc-8da4-f96fc65674ba,HS-328,مكيف سبليت,,,الحصيلة,,,,,,,,,,
HS-328-AC-04,73ac3372-31fd-4adc-8da4-f96fc65674ba,HS-328,مكيف سبليت,,,الحصيلة,,,,,,,,,,
HS-328-AC-05,73ac3372-31fd-4adc-8da4-f96fc65674ba,HS-328,مكيف سبليت,,,الحصيلة,,,,,,,,,,
HS-328-WM-01,73ac3372-31fd-4adc-8da4-f96fc65674ba,HS-328,غسالة,,,الحصيلة,,,,,,,,,,
HS-328-RF-01,73ac3372-31fd-4adc-8da4-f96fc65674ba,HS-328,ثلاجة,,,الحصيلة,,,,,,,,,,
HS-421-AC-01,73ac3372-31fd-4adc-8da4-f96fc65674ba,HS-421,مكيف سبليت,,,الحصيلة,,,,,,,,,,
HS-421-AC-02,73ac3372-31fd-4adc-8da4-f96fc65674ba,HS-421,مكيف سبليت,,,الحصيلة,,,,,,,,,,
HS-421-AC-03,73ac3372-31fd-4adc-8da4-f96fc65674ba,HS-421,مكيف سبليت,,,الحصيلة,,,,,,,,,,
HS-421-AC-04,73ac3372-31fd-4adc-8da4-f96fc65674ba,HS-421,مكيف سبليت,,,الحصيلة,,,,,,,,,,
HS-421-AC-05,73ac3372-31fd-4adc-8da4-f96fc65674ba,HS-421,مكيف سبليت,,,الحصيلة,,,,,,,,,,
HS-421-WM-01,73ac3372-31fd-4adc-8da4-f96fc65674ba,HS-421,غسالة,,,الحصيلة,,,,,,,,,,
HS-421-RF-01,73ac3372-31fd-4adc-8da4-f96fc65674ba,HS-421,ثلاجة,,,الحصيلة,,,,,,,,,,
HS-422-AC-01,73ac3372-31fd-4adc-8da4-f96fc65674ba,HS-422,مكيف سبليت,,,الحصيلة,,,,,,,,,,
HS-422-AC-02,73ac3372-31fd-4adc-8da4-f96fc65674ba,HS-422,مكيف سبليت,,,الحصيلة,,,,,,,,,,
HS-422-AC-03,73ac3372-31fd-4adc-8da4-f96fc65674ba,HS-422,مكيف سبليت,,,الحصيلة,,,,,,,,,,
HS-422-AC-04,73ac3372-31fd-4adc-8da4-f96fc65674ba,HS-422,مكيف سبليت,,,الحصيلة,,,,,,,,,,
HS-422-AC-05,73ac3372-31fd-4adc-8da4-f96fc65674ba,HS-422,مكيف سبليت,,,الحصيلة,,,,,,,,,,
HS-422-WM-01,73ac3372-31fd-4adc-8da4-f96fc65674ba,HS-422,غسالة,,,الحصيلة,,,,,,,,,,
HS-422-RF-01,73ac3372-31fd-4adc-8da4-f96fc65674ba,HS-422,ثلاجة,,,الحصيلة,,,,,,,,,,
HS-423-AC-01,73ac3372-31fd-4adc-8da4-f96fc65674ba,HS-423,مكيف سبليت,,,الحصيلة,,,,,,,,,,
HS-423-AC-02,73ac3372-31fd-4adc-8da4-f96fc65674ba,HS-423,مكيف سبليت,,,الحصيلة,,,,,,,,,,
HS-423-AC-03,73ac3372-31fd-4adc-8da4-f96fc65674ba,HS-423,مكيف سبليت,,,الحصيلة,,,,,,,,,,
HS-423-AC-04,73ac3372-31fd-4adc-8da4-f96fc65674ba,HS-423,مكيف سبليت,,,الحصيلة,,,,,,,,,,
HS-423-AC-05,73ac3372-31fd-4adc-8da4-f96fc65674ba,HS-423,مكيف سبليت,,,الحصيلة,,,,,,,,,,
HS-423-WM-01,73ac3372-31fd-4adc-8da4-f96fc65674ba,HS-423,غسالة,,,الحصيلة,,,,,,,,,,
HS-423-RF-01,73ac3372-31fd-4adc-8da4-f96fc65674ba,HS-423,ثلاجة,,,الحصيلة,,,,,,,,,,
HS-424-AC-01,73ac3372-31fd-4adc-8da4-f96fc65674ba,HS-424,مكيف سبليت,,,الحصيلة,,,,,,,,,,
HS-424-AC-02,73ac3372-31fd-4adc-8da4-f96fc65674ba,HS-424,مكيف سبليت,,,الحصيلة,,,,,,,,,,
HS-424-AC-03,73ac3372-31fd-4adc-8da4-f96fc65674ba,HS-424,مكيف سبليت,,,الحصيلة,,,,,,,,,,
HS-424-AC-04,73ac3372-31fd-4adc-8da4-f96fc65674ba,HS-424,مكيف سبليت,,,الحصيلة,,,,,,,,,,
HS-424-AC-05,73ac3372-31fd-4adc-8da4-f96fc65674ba,HS-424,مكيف سبليت,,,الحصيلة,,,,,,,,,,
HS-424-WM-01,73ac3372-31fd-4adc-8da4-f96fc65674ba,HS-424,غسالة,,,الحصيلة,,,,,,,,,,
HS-424-RF-01,73ac3372-31fd-4adc-8da4-f96fc65674ba,HS-424,ثلاجة,,,الحصيلة,,,,,,,,,,
HS-425-AC-01,73ac3372-31fd-4adc-8da4-f96fc65674ba,HS-425,مكيف سبليت,,,الحصيلة,,,,,,,,,,
HS-425-AC-02,73ac3372-31fd-4adc-8da4-f96fc65674ba,HS-425,مكيف سبليت,,,الحصيلة,,,,,,,,,,
HS-425-AC-03,73ac3372-31fd-4adc-8da4-f96fc65674ba,HS-425,مكيف سبليت,,,الحصيلة,,,,,,,,,,
HS-425-AC-04,73ac3372-31fd-4adc-8da4-f96fc65674ba,HS-425,مكيف سبليت,,,الحصيلة,,,,,,,,,,
HS-425-AC-05,73ac3372-31fd-4adc-8da4-f96fc65674ba,HS-425,مكيف سبليت,,,الحصيلة,,,,,,,,,,
HS-425-WM-01,73ac3372-31fd-4adc-8da4-f96fc65674ba,HS-425,غسالة,,,الحصيلة,,,,,,,,,,
HS-425-RF-01,73ac3372-31fd-4adc-8da4-f96fc65674ba,HS-425,ثلاجة,,,الحصيلة,,,,,,,,,,
HS-426-AC-01,73ac3372-31fd-4adc-8da4-f96fc65674ba,HS-426,مكيف سبليت,,,الحصيلة,,,,,,,,,,
HS-426-AC-02,73ac3372-31fd-4adc-8da4-f96fc65674ba,HS-426,مكيف سبليت,,,الحصيلة,,,,,,,,,,
HS-426-AC-03,73ac3372-31fd-4adc-8da4-f96fc65674ba,HS-426,مكيف سبليت,,,الحصيلة,,,,,,,,,,
HS-426-AC-04,73ac3372-31fd-4adc-8da4-f96fc65674ba,HS-426,مكيف سبليت,,,الحصيلة,,,,,,,,,,
HS-426-AC-05,73ac3372-31fd-4adc-8da4-f96fc65674ba,HS-426,مكيف سبليت,,,الحصيلة,,,,,,,,,,
HS-426-WM-01,73ac3372-31fd-4adc-8da4-f96fc65674ba,HS-426,غسالة,,,الحصيلة,,,,,,,,,,
HS-426-RF-01,73ac3372-31fd-4adc-8da4-f96fc65674ba,HS-426,ثلاجة,,,الحصيلة,,,,,,,,,,
HS-427-AC-01,73ac3372-31fd-4adc-8da4-f96fc65674ba,HS-427,مكيف سبليت,,,الحصيلة,,,,,,,,,,
HS-427-AC-02,73ac3372-31fd-4adc-8da4-f96fc65674ba,HS-427,مكيف سبليت,,,الحصيلة,,,,,,,,,,
HS-427-AC-03,73ac3372-31fd-4adc-8da4-f96fc65674ba,HS-427,مكيف سبليت,,,الحصيلة,,,,,,,,,,
HS-427-AC-04,73ac3372-31fd-4adc-8da4-f96fc65674ba,HS-427,مكيف سبليت,,,الحصيلة,,,,,,,,,,
HS-427-AC-05,73ac3372-31fd-4adc-8da4-f96fc65674ba,HS-427,مكيف سبليت,,,الحصيلة,,,,,,,,,,
HS-427-WM-01,73ac3372-31fd-4adc-8da4-f96fc65674ba,HS-427,غسالة,,,الحصيلة,,,,,,,,,,
HS-427-RF-01,73ac3372-31fd-4adc-8da4-f96fc65674ba,HS-427,ثلاجة,,,الحصيلة,,,,,,,,,,
HS-428-AC-01,73ac3372-31fd-4adc-8da4-f96fc65674ba,HS-428,مكيف سبليت,,,الحصيلة,,,,,,,,,,
HS-428-AC-02,73ac3372-31fd-4adc-8da4-f96fc65674ba,HS-428,مكيف سبليت,,,الحصيلة,,,,,,,,,,
HS-428-AC-03,73ac3372-31fd-4adc-8da4-f96fc65674ba,HS-428,مكيف سبليت,,,الحصيلة,,,,,,,,,,
HS-428-AC-04,73ac3372-31fd-4adc-8da4-f96fc65674ba,HS-428,مكيف سبليت,,,الحصيلة,,,,,,,,,,
HS-428-AC-05,73ac3372-31fd-4adc-8da4-f96fc65674ba,HS-428,مكيف سبليت,,,الحصيلة,,,,,,,,,,
HS-428-WM-01,73ac3372-31fd-4adc-8da4-f96fc65674ba,HS-428,غسالة,,,الحصيلة,,,,,,,,,,
HS-428-RF-01,73ac3372-31fd-4adc-8da4-f96fc65674ba,HS-428,ثلاجة,,,الحصيلة,,,,,,,,,,
HS-521-AC-01,73ac3372-31fd-4adc-8da4-f96fc65674ba,HS-521,مكيف سبليت,,,الحصيلة,,,,,,,,,,
HS-521-AC-02,73ac3372-31fd-4adc-8da4-f96fc65674ba,HS-521,مكيف سبليت,,,الحصيلة,,,,,,,,,,
HS-521-AC-03,73ac3372-31fd-4adc-8da4-f96fc65674ba,HS-521,مكيف سبليت,,,الحصيلة,,,,,,,,,,
HS-521-WM-01,73ac3372-31fd-4adc-8da4-f96fc65674ba,HS-521,غسالة,,,الحصيلة,,,,,,,,,,
HS-521-RF-01,73ac3372-31fd-4adc-8da4-f96fc65674ba,HS-521,ثلاجة,,,الحصيلة,,,,,,,,,,
HS-522-AC-01,73ac3372-31fd-4adc-8da4-f96fc65674ba,HS-522,مكيف سبليت,,,الحصيلة,,,,,,,,,,
HS-522-AC-02,73ac3372-31fd-4adc-8da4-f96fc65674ba,HS-522,مكيف سبليت,,,الحصيلة,,,,,,,,,,
HS-522-AC-03,73ac3372-31fd-4adc-8da4-f96fc65674ba,HS-522,مكيف سبليت,,,الحصيلة,,,,,,,,,,
HS-522-WM-01,73ac3372-31fd-4adc-8da4-f96fc65674ba,HS-522,غسالة,,,الحصيلة,,,,,,,,,,
HS-522-RF-01,73ac3372-31fd-4adc-8da4-f96fc65674ba,HS-522,ثلاجة,,,الحصيلة,,,,,,,,,,
HS-523-AC-01,73ac3372-31fd-4adc-8da4-f96fc65674ba,HS-523,مكيف سبليت,,,الحصيلة,,,,,,,,,,
HS-523-AC-02,73ac3372-31fd-4adc-8da4-f96fc65674ba,HS-523,مكيف سبليت,,,الحصيلة,,,,,,,,,,
HS-523-AC-03,73ac3372-31fd-4adc-8da4-f96fc65674ba,HS-523,مكيف سبليت,,,الحصيلة,,,,,,,,,,
HS-523-WM-01,73ac3372-31fd-4adc-8da4-f96fc65674ba,HS-523,غسالة,,,الحصيلة,,,,,,,,,,
HS-523-RF-01,73ac3372-31fd-4adc-8da4-f96fc65674ba,HS-523,ثلاجة,,,الحصيلة,,,,,,,,,,
HS-524-AC-01,73ac3372-31fd-4adc-8da4-f96fc65674ba,HS-524,مكيف سبليت,,,الحصيلة,,,,,,,,,,
HS-524-AC-02,73ac3372-31fd-4adc-8da4-f96fc65674ba,HS-524,مكيف سبليت,,,الحصيلة,,,,,,,,,,
HS-524-AC-03,73ac3372-31fd-4adc-8da4-f96fc65674ba,HS-524,مكيف سبليت,,,الحصيلة,,,,,,,,,,
HS-524-WM-01,73ac3372-31fd-4adc-8da4-f96fc65674ba,HS-524,غسالة,,,الحصيلة,,,,,,,,,,
HS-524-RF-01,73ac3372-31fd-4adc-8da4-f96fc65674ba,HS-524,ثلاجة,,,الحصيلة,,,,,,,,,,
HS-525-AC-01,73ac3372-31fd-4adc-8da4-f96fc65674ba,HS-525,مكيف سبليت,,,الحصيلة,,,,,,,,,,
HS-525-AC-02,73ac3372-31fd-4adc-8da4-f96fc65674ba,HS-525,مكيف سبليت,,,الحصيلة,,,,,,,,,,
HS-525-AC-03,73ac3372-31fd-4adc-8da4-f96fc65674ba,HS-525,مكيف سبليت,,,الحصيلة,,,,,,,,,,
HS-525-WM-01,73ac3372-31fd-4adc-8da4-f96fc65674ba,HS-525,غسالة,,,الحصيلة,,,,,,,,,,
HS-525-RF-01,73ac3372-31fd-4adc-8da4-f96fc65674ba,HS-525,ثلاجة,,,الحصيلة,,,,,,,,,,
HS-526-AC-01,73ac3372-31fd-4adc-8da4-f96fc65674ba,HS-526,مكيف سبليت,,,الحصيلة,,,,,,,,,,
HS-526-AC-02,73ac3372-31fd-4adc-8da4-f96fc65674ba,HS-526,مكيف سبليت,,,الحصيلة,,,,,,,,,,
HS-526-AC-03,73ac3372-31fd-4adc-8da4-f96fc65674ba,HS-526,مكيف سبليت,,,الحصيلة,,,,,,,,,,
HS-526-WM-01,73ac3372-31fd-4adc-8da4-f96fc65674ba,HS-526,غسالة,,,الحصيلة,,,,,,,,,,
HS-526-RF-01,73ac3372-31fd-4adc-8da4-f96fc65674ba,HS-526,ثلاجة,,,الحصيلة,,,,,,,,,,
HS-527-AC-01,73ac3372-31fd-4adc-8da4-f96fc65674ba,HS-527,مكيف سبليت,,,الحصيلة,,,,,,,,,,
HS-527-AC-02,73ac3372-31fd-4adc-8da4-f96fc65674ba,HS-527,مكيف سبليت,,,الحصيلة,,,,,,,,,,
HS-527-AC-03,73ac3372-31fd-4adc-8da4-f96fc65674ba,HS-527,مكيف سبليت,,,الحصيلة,,,,,,,,,,
HS-527-WM-01,73ac3372-31fd-4adc-8da4-f96fc65674ba,HS-527,غسالة,,,الحصيلة,,,,,,,,,,
HS-527-RF-01,73ac3372-31fd-4adc-8da4-f96fc65674ba,HS-527,ثلاجة,,,الحصيلة,,,,,,,,,,
HS-528-AC-01,73ac3372-31fd-4adc-8da4-f96fc65674ba,HS-528,مكيف سبليت,,,الحصيلة,,,,,,,,,,
HS-528-AC-02,73ac3372-31fd-4adc-8da4-f96fc65674ba,HS-528,مكيف سبليت,,,الحصيلة,,,,,,,,,,
HS-528-AC-03,73ac3372-31fd-4adc-8da4-f96fc65674ba,HS-528,مكيف سبليت,,,الحصيلة,,,,,,,,,,
HS-528-WM-01,73ac3372-31fd-4adc-8da4-f96fc65674ba,HS-528,غسالة,,,الحصيلة,,,,,,,,,,
HS-528-RF-01,73ac3372-31fd-4adc-8da4-f96fc65674ba,HS-528,ثلاجة,,,الحصيلة,,,,,,,,,,
SAD-101-AC-01,1c6d9e57-89fc-4121-af9e-03dafd483b60,SAD-101,مكيف سبليت,,,السعادة,,,,,,,,,,
SAD-101-AC-02,1c6d9e57-89fc-4121-af9e-03dafd483b60,SAD-101,مكيف سبليت,,,السعادة,,,,,,,,,,
SAD-101-AC-03,1c6d9e57-89fc-4121-af9e-03dafd483b60,SAD-101,مكيف سبليت,,,السعادة,,,,,,,,,,
SAD-101-WM-01,1c6d9e57-89fc-4121-af9e-03dafd483b60,SAD-101,غسالة,,,السعادة,,,,,,,,,,
SAD-101-RF-01,1c6d9e57-89fc-4121-af9e-03dafd483b60,SAD-101,ثلاجة,,,السعادة,,,,,,,,,,
SAD-102-AC-01,1c6d9e57-89fc-4121-af9e-03dafd483b60,SAD-102,مكيف سبليت,,,السعادة,,,,,,,,,,
SAD-102-AC-02,1c6d9e57-89fc-4121-af9e-03dafd483b60,SAD-102,مكيف سبليت,,,السعادة,,,,,,,,,,
SAD-102-AC-03,1c6d9e57-89fc-4121-af9e-03dafd483b60,SAD-102,مكيف سبليت,,,السعادة,,,,,,,,,,
SAD-102-WM-01,1c6d9e57-89fc-4121-af9e-03dafd483b60,SAD-102,غسالة,,,السعادة,,,,,,,,,,
SAD-102-RF-01,1c6d9e57-89fc-4121-af9e-03dafd483b60,SAD-102,ثلاجة,,,السعادة,,,,,,,,,,
SAD-103-AC-01,1c6d9e57-89fc-4121-af9e-03dafd483b60,SAD-103,مكيف سبليت,,,السعادة,,,,,,,,,,
SAD-103-RF-01,1c6d9e57-89fc-4121-af9e-03dafd483b60,SAD-103,ثلاجة,,,السعادة,,,,,,,,,,
SAD-104-AC-01,1c6d9e57-89fc-4121-af9e-03dafd483b60,SAD-104,مكيف سبليت,,,السعادة,,,,,,,,,,
SAD-104-AC-02,1c6d9e57-89fc-4121-af9e-03dafd483b60,SAD-104,مكيف سبليت,,,السعادة,,,,,,,,,,
SAD-104-WM-01,1c6d9e57-89fc-4121-af9e-03dafd483b60,SAD-104,غسالة,,,السعادة,,,,,,,,,,
SAD-104-RF-01,1c6d9e57-89fc-4121-af9e-03dafd483b60,SAD-104,ثلاجة,,,السعادة,,,,,,,,,,
SAD-105-AC-01,1c6d9e57-89fc-4121-af9e-03dafd483b60,SAD-105,مكيف سبليت,,,السعادة,,,,,,,,,,
SAD-105-AC-02,1c6d9e57-89fc-4121-af9e-03dafd483b60,SAD-105,مكيف سبليت,,,السعادة,,,,,,,,,,
SAD-105-AC-03,1c6d9e57-89fc-4121-af9e-03dafd483b60,SAD-105,مكيف سبليت,,,السعادة,,,,,,,,,,
SAD-105-WM-01,1c6d9e57-89fc-4121-af9e-03dafd483b60,SAD-105,غسالة,,,السعادة,,,,,,,,,,
SAD-105-RF-01,1c6d9e57-89fc-4121-af9e-03dafd483b60,SAD-105,ثلاجة,,,السعادة,,,,,,,,,,
SAD-106-AC-01,1c6d9e57-89fc-4121-af9e-03dafd483b60,SAD-106,مكيف سبليت,,,السعادة,,,,,,,,,,
SAD-106-AC-02,1c6d9e57-89fc-4121-af9e-03dafd483b60,SAD-106,مكيف سبليت,,,السعادة,,,,,,,,,,
SAD-106-AC-03,1c6d9e57-89fc-4121-af9e-03dafd483b60,SAD-106,مكيف سبليت,,,السعادة,,,,,,,,,,
SAD-106-WM-01,1c6d9e57-89fc-4121-af9e-03dafd483b60,SAD-106,غسالة,,,السعادة,,,,,,,,,,
SAD-106-RF-01,1c6d9e57-89fc-4121-af9e-03dafd483b60,SAD-106,ثلاجة,,,السعادة,,,,,,,,,,
SAD-201-AC-01,1c6d9e57-89fc-4121-af9e-03dafd483b60,SAD-201,مكيف سبليت,,,السعادة,,,,,,,,,,
SAD-201-AC-02,1c6d9e57-89fc-4121-af9e-03dafd483b60,SAD-201,مكيف سبليت,,,السعادة,,,,,,,,,,
SAD-201-AC-03,1c6d9e57-89fc-4121-af9e-03dafd483b60,SAD-201,مكيف سبليت,,,السعادة,,,,,,,,,,
SAD-201-WM-01,1c6d9e57-89fc-4121-af9e-03dafd483b60,SAD-201,غسالة,,,السعادة,,,,,,,,,,
SAD-201-RF-01,1c6d9e57-89fc-4121-af9e-03dafd483b60,SAD-201,ثلاجة,,,السعادة,,,,,,,,,,
SAD-202-AC-01,1c6d9e57-89fc-4121-af9e-03dafd483b60,SAD-202,مكيف سبليت,,,السعادة,,,,,,,,,,
SAD-202-AC-02,1c6d9e57-89fc-4121-af9e-03dafd483b60,SAD-202,مكيف سبليت,,,السعادة,,,,,,,,,,
SAD-202-AC-03,1c6d9e57-89fc-4121-af9e-03dafd483b60,SAD-202,مكيف سبليت,,,السعادة,,,,,,,,,,
SAD-202-WM-01,1c6d9e57-89fc-4121-af9e-03dafd483b60,SAD-202,غسالة,,,السعادة,,,,,,,,,,
SAD-202-RF-01,1c6d9e57-89fc-4121-af9e-03dafd483b60,SAD-202,ثلاجة,,,السعادة,,,,,,,,,,
SAD-203-AC-01,1c6d9e57-89fc-4121-af9e-03dafd483b60,SAD-203,مكيف سبليت,,,السعادة,,,,,,,,,,
SAD-203-AC-02,1c6d9e57-89fc-4121-af9e-03dafd483b60,SAD-203,مكيف سبليت,,,السعادة,,,,,,,,,,
SAD-203-AC-03,1c6d9e57-89fc-4121-af9e-03dafd483b60,SAD-203,مكيف سبليت,,,السعادة,,,,,,,,,,
SAD-203-WM-01,1c6d9e57-89fc-4121-af9e-03dafd483b60,SAD-203,غسالة,,,السعادة,,,,,,,,,,
SAD-203-RF-01,1c6d9e57-89fc-4121-af9e-03dafd483b60,SAD-203,ثلاجة,,,السعادة,,,,,,,,,,
SAD-204-AC-01,1c6d9e57-89fc-4121-af9e-03dafd483b60,SAD-204,مكيف سبليت,,,السعادة,,,,,,,,,,
SAD-204-AC-02,1c6d9e57-89fc-4121-af9e-03dafd483b60,SAD-204,مكيف سبليت,,,السعادة,,,,,,,,,,
SAD-204-WM-01,1c6d9e57-89fc-4121-af9e-03dafd483b60,SAD-204,غسالة,,,السعادة,,,,,,,,,,
SAD-204-RF-01,1c6d9e57-89fc-4121-af9e-03dafd483b60,SAD-204,ثلاجة,,,السعادة,,,,,,,,,,
SAD-205-AC-01,1c6d9e57-89fc-4121-af9e-03dafd483b60,SAD-205,مكيف سبليت,,,السعادة,,,,,,,,,,
SAD-205-AC-02,1c6d9e57-89fc-4121-af9e-03dafd483b60,SAD-205,مكيف سبليت,,,السعادة,,,,,,,,,,
SAD-205-AC-03,1c6d9e57-89fc-4121-af9e-03dafd483b60,SAD-205,مكيف سبليت,,,السعادة,,,,,,,,,,
SAD-205-WM-01,1c6d9e57-89fc-4121-af9e-03dafd483b60,SAD-205,غسالة,,,السعادة,,,,,,,,,,
SAD-205-RF-01,1c6d9e57-89fc-4121-af9e-03dafd483b60,SAD-205,ثلاجة,,,السعادة,,,,,,,,,,
SAD-206-AC-01,1c6d9e57-89fc-4121-af9e-03dafd483b60,SAD-206,مكيف سبليت,,,السعادة,,,,,,,,,,
SAD-206-AC-02,1c6d9e57-89fc-4121-af9e-03dafd483b60,SAD-206,مكيف سبليت,,,السعادة,,,,,,,,,,
SAD-206-AC-03,1c6d9e57-89fc-4121-af9e-03dafd483b60,SAD-206,مكيف سبليت,,,السعادة,,,,,,,,,,
SAD-206-WM-01,1c6d9e57-89fc-4121-af9e-03dafd483b60,SAD-206,غسالة,,,السعادة,,,,,,,,,,
SAD-206-RF-01,1c6d9e57-89fc-4121-af9e-03dafd483b60,SAD-206,ثلاجة,,,السعادة,,,,,,,,,,
SAD-301-AC-01,1c6d9e57-89fc-4121-af9e-03dafd483b60,SAD-301,مكيف سبليت,,,السعادة,,,,,,,,,,
SAD-301-AC-02,1c6d9e57-89fc-4121-af9e-03dafd483b60,SAD-301,مكيف سبليت,,,السعادة,,,,,,,,,,
SAD-301-AC-03,1c6d9e57-89fc-4121-af9e-03dafd483b60,SAD-301,مكيف سبليت,,,السعادة,,,,,,,,,,
SAD-301-WM-01,1c6d9e57-89fc-4121-af9e-03dafd483b60,SAD-301,غسالة,,,السعادة,,,,,,,,,,
SAD-301-RF-01,1c6d9e57-89fc-4121-af9e-03dafd483b60,SAD-301,ثلاجة,,,السعادة,,,,,,,,,,
SAD-302-AC-01,1c6d9e57-89fc-4121-af9e-03dafd483b60,SAD-302,مكيف سبليت,,,السعادة,,,,,,,,,,
SAD-302-AC-02,1c6d9e57-89fc-4121-af9e-03dafd483b60,SAD-302,مكيف سبليت,,,السعادة,,,,,,,,,,
SAD-302-AC-03,1c6d9e57-89fc-4121-af9e-03dafd483b60,SAD-302,مكيف سبليت,,,السعادة,,,,,,,,,,
SAD-302-WM-01,1c6d9e57-89fc-4121-af9e-03dafd483b60,SAD-302,غسالة,,,السعادة,,,,,,,,,,
SAD-302-RF-01,1c6d9e57-89fc-4121-af9e-03dafd483b60,SAD-302,ثلاجة,,,السعادة,,,,,,,,,,
SAD-303-AC-01,1c6d9e57-89fc-4121-af9e-03dafd483b60,SAD-303,مكيف سبليت,,,السعادة,,,,,,,,,,
SAD-303-AC-02,1c6d9e57-89fc-4121-af9e-03dafd483b60,SAD-303,مكيف سبليت,,,السعادة,,,,,,,,,,
SAD-303-AC-03,1c6d9e57-89fc-4121-af9e-03dafd483b60,SAD-303,مكيف سبليت,,,السعادة,,,,,,,,,,
SAD-303-WM-01,1c6d9e57-89fc-4121-af9e-03dafd483b60,SAD-303,غسالة,,,السعادة,,,,,,,,,,
SAD-303-RF-01,1c6d9e57-89fc-4121-af9e-03dafd483b60,SAD-303,ثلاجة,,,السعادة,,,,,,,,,,
SAD-304-AC-01,1c6d9e57-89fc-4121-af9e-03dafd483b60,SAD-304,مكيف سبليت,,,السعادة,,,,,,,,,,
SAD-304-AC-02,1c6d9e57-89fc-4121-af9e-03dafd483b60,SAD-304,مكيف سبليت,,,السعادة,,,,,,,,,,
SAD-304-WM-01,1c6d9e57-89fc-4121-af9e-03dafd483b60,SAD-304,غسالة,,,السعادة,,,,,,,,,,
SAD-304-RF-01,1c6d9e57-89fc-4121-af9e-03dafd483b60,SAD-304,ثلاجة,,,السعادة,,,,,,,,,,
SAD-305-AC-01,1c6d9e57-89fc-4121-af9e-03dafd483b60,SAD-305,مكيف سبليت,,,السعادة,,,,,,,,,,
SAD-305-AC-02,1c6d9e57-89fc-4121-af9e-03dafd483b60,SAD-305,مكيف سبليت,,,السعادة,,,,,,,,,,
SAD-305-AC-03,1c6d9e57-89fc-4121-af9e-03dafd483b60,SAD-305,مكيف سبليت,,,السعادة,,,,,,,,,,
SAD-305-WM-01,1c6d9e57-89fc-4121-af9e-03dafd483b60,SAD-305,غسالة,,,السعادة,,,,,,,,,,
SAD-305-RF-01,1c6d9e57-89fc-4121-af9e-03dafd483b60,SAD-305,ثلاجة,,,السعادة,,,,,,,,,,
SAD-306-AC-01,1c6d9e57-89fc-4121-af9e-03dafd483b60,SAD-306,مكيف سبليت,,,السعادة,,,,,,,,,,
SAD-306-AC-02,1c6d9e57-89fc-4121-af9e-03dafd483b60,SAD-306,مكيف سبليت,,,السعادة,,,,,,,,,,
SAD-306-AC-03,1c6d9e57-89fc-4121-af9e-03dafd483b60,SAD-306,مكيف سبليت,,,السعادة,,,,,,,,,,
SAD-306-AC-04,1c6d9e57-89fc-4121-af9e-03dafd483b60,SAD-306,مكيف سبليت,,,السعادة,,,,,,,,,,
SAD-306-WM-01,1c6d9e57-89fc-4121-af9e-03dafd483b60,SAD-306,غسالة,,,السعادة,,,,,,,,,,
SAD-306-RF-01,1c6d9e57-89fc-4121-af9e-03dafd483b60,SAD-306,ثلاجة,,,السعادة,,,,,,,,,,
SAD-401-AC-01,1c6d9e57-89fc-4121-af9e-03dafd483b60,SAD-401,مكيف سبليت,,,السعادة,,,,,,,,,,
SAD-401-AC-02,1c6d9e57-89fc-4121-af9e-03dafd483b60,SAD-401,مكيف سبليت,,,السعادة,,,,,,,,,,
SAD-401-AC-03,1c6d9e57-89fc-4121-af9e-03dafd483b60,SAD-401,مكيف سبليت,,,السعادة,,,,,,,,,,
SAD-401-WM-01,1c6d9e57-89fc-4121-af9e-03dafd483b60,SAD-401,غسالة,,,السعادة,,,,,,,,,,
SAD-401-RF-01,1c6d9e57-89fc-4121-af9e-03dafd483b60,SAD-401,ثلاجة,,,السعادة,,,,,,,,,,
SAD-402-AC-01,1c6d9e57-89fc-4121-af9e-03dafd483b60,SAD-402,مكيف سبليت,,,السعادة,,,,,,,,,,
SAD-402-AC-02,1c6d9e57-89fc-4121-af9e-03dafd483b60,SAD-402,مكيف سبليت,,,السعادة,,,,,,,,,,
SAD-402-AC-03,1c6d9e57-89fc-4121-af9e-03dafd483b60,SAD-402,مكيف سبليت,,,السعادة,,,,,,,,,,
SAD-402-WM-01,1c6d9e57-89fc-4121-af9e-03dafd483b60,SAD-402,غسالة,,,السعادة,,,,,,,,,,
SAD-402-RF-01,1c6d9e57-89fc-4121-af9e-03dafd483b60,SAD-402,ثلاجة,,,السعادة,,,,,,,,,,
SAD-403-AC-01,1c6d9e57-89fc-4121-af9e-03dafd483b60,SAD-403,مكيف سبليت,,,السعادة,,,,,,,,,,
SAD-403-AC-02,1c6d9e57-89fc-4121-af9e-03dafd483b60,SAD-403,مكيف سبليت,,,السعادة,,,,,,,,,,
SAD-403-AC-03,1c6d9e57-89fc-4121-af9e-03dafd483b60,SAD-403,مكيف سبليت,,,السعادة,,,,,,,,,,
SAD-403-WM-01,1c6d9e57-89fc-4121-af9e-03dafd483b60,SAD-403,غسالة,,,السعادة,,,,,,,,,,
SAD-403-RF-01,1c6d9e57-89fc-4121-af9e-03dafd483b60,SAD-403,ثلاجة,,,السعادة,,,,,,,,,,
SAD-404-AC-01,1c6d9e57-89fc-4121-af9e-03dafd483b60,SAD-404,مكيف سبليت,,,السعادة,,,,,,,,,,
SAD-404-AC-02,1c6d9e57-89fc-4121-af9e-03dafd483b60,SAD-404,مكيف سبليت,,,السعادة,,,,,,,,,,
SAD-404-WM-01,1c6d9e57-89fc-4121-af9e-03dafd483b60,SAD-404,غسالة,,,السعادة,,,,,,,,,,
SAD-404-RF-01,1c6d9e57-89fc-4121-af9e-03dafd483b60,SAD-404,ثلاجة,,,السعادة,,,,,,,,,,
SAD-405-AC-01,1c6d9e57-89fc-4121-af9e-03dafd483b60,SAD-405,مكيف سبليت,,,السعادة,,,,,,,,,,
SAD-405-AC-02,1c6d9e57-89fc-4121-af9e-03dafd483b60,SAD-405,مكيف سبليت,,,السعادة,,,,,,,,,,
SAD-405-AC-03,1c6d9e57-89fc-4121-af9e-03dafd483b60,SAD-405,مكيف سبليت,,,السعادة,,,,,,,,,,
SAD-405-WM-01,1c6d9e57-89fc-4121-af9e-03dafd483b60,SAD-405,غسالة,,,السعادة,,,,,,,,,,
SAD-405-RF-01,1c6d9e57-89fc-4121-af9e-03dafd483b60,SAD-405,ثلاجة,,,السعادة,,,,,,,,,,
SAD-406-AC-01,1c6d9e57-89fc-4121-af9e-03dafd483b60,SAD-406,مكيف سبليت,,,السعادة,,,,,,,,,,
SAD-406-AC-02,1c6d9e57-89fc-4121-af9e-03dafd483b60,SAD-406,مكيف سبليت,,,السعادة,,,,,,,,,,
SAD-406-AC-03,1c6d9e57-89fc-4121-af9e-03dafd483b60,SAD-406,مكيف سبليت,,,السعادة,,,,,,,,,,
SAD-406-AC-04,1c6d9e57-89fc-4121-af9e-03dafd483b60,SAD-406,مكيف سبليت,,,السعادة,,,,,,,,,,
SAD-406-WM-01,1c6d9e57-89fc-4121-af9e-03dafd483b60,SAD-406,غسالة,,,السعادة,,,,,,,,,,
SAD-406-RF-01,1c6d9e57-89fc-4121-af9e-03dafd483b60,SAD-406,ثلاجة,,,السعادة,,,,,,,,,,
SAD-501-AC-01,1c6d9e57-89fc-4121-af9e-03dafd483b60,SAD-501,مكيف سبليت,,,السعادة,,,,,,,,,,
SAD-501-AC-02,1c6d9e57-89fc-4121-af9e-03dafd483b60,SAD-501,مكيف سبليت,,,السعادة,,,,,,,,,,
SAD-501-AC-03,1c6d9e57-89fc-4121-af9e-03dafd483b60,SAD-501,مكيف سبليت,,,السعادة,,,,,,,,,,
SAD-501-WM-01,1c6d9e57-89fc-4121-af9e-03dafd483b60,SAD-501,غسالة,,,السعادة,,,,,,,,,,
SAD-501-RF-01,1c6d9e57-89fc-4121-af9e-03dafd483b60,SAD-501,ثلاجة,,,السعادة,,,,,,,,,,
SAD-502-AC-01,1c6d9e57-89fc-4121-af9e-03dafd483b60,SAD-502,مكيف سبليت,,,السعادة,,,,,,,,,,
SAD-502-AC-02,1c6d9e57-89fc-4121-af9e-03dafd483b60,SAD-502,مكيف سبليت,,,السعادة,,,,,,,,,,
SAD-502-AC-03,1c6d9e57-89fc-4121-af9e-03dafd483b60,SAD-502,مكيف سبليت,,,السعادة,,,,,,,,,,
SAD-502-WM-01,1c6d9e57-89fc-4121-af9e-03dafd483b60,SAD-502,غسالة,,,السعادة,,,,,,,,,,
SAD-502-RF-01,1c6d9e57-89fc-4121-af9e-03dafd483b60,SAD-502,ثلاجة,,,السعادة,,,,,,,,,,
SAD-503-AC-01,1c6d9e57-89fc-4121-af9e-03dafd483b60,SAD-503,مكيف سبليت,,,السعادة,,,,,,,,,,
SAD-503-AC-02,1c6d9e57-89fc-4121-af9e-03dafd483b60,SAD-503,مكيف سبليت,,,السعادة,,,,,,,,,,
SAD-503-WM-01,1c6d9e57-89fc-4121-af9e-03dafd483b60,SAD-503,غسالة,,,السعادة,,,,,,,,,,
SAD-503-RF-01,1c6d9e57-89fc-4121-af9e-03dafd483b60,SAD-503,ثلاجة,,,السعادة,,,,,,,,,,
SAD-504-AC-01,1c6d9e57-89fc-4121-af9e-03dafd483b60,SAD-504,مكيف سبليت,,,السعادة,,,,,,,,,,
SAD-504-AC-02,1c6d9e57-89fc-4121-af9e-03dafd483b60,SAD-504,مكيف سبليت,,,السعادة,,,,,,,,,,
SAD-504-AC-03,1c6d9e57-89fc-4121-af9e-03dafd483b60,SAD-504,مكيف سبليت,,,السعادة,,,,,,,,,,
SAD-504-WM-01,1c6d9e57-89fc-4121-af9e-03dafd483b60,SAD-504,غسالة,,,السعادة,,,,,,,,,,
SAD-504-RF-01,1c6d9e57-89fc-4121-af9e-03dafd483b60,SAD-504,ثلاجة,,,السعادة,,,,,,,,,,
SAD-505-AC-01,1c6d9e57-89fc-4121-af9e-03dafd483b60,SAD-505,مكيف سبليت,,,السعادة,,,,,,,,,,
SAD-505-AC-02,1c6d9e57-89fc-4121-af9e-03dafd483b60,SAD-505,مكيف سبليت,,,السعادة,,,,,,,,,,
SAD-505-AC-03,1c6d9e57-89fc-4121-af9e-03dafd483b60,SAD-505,مكيف سبليت,,,السعادة,,,,,,,,,,
SAD-505-WM-01,1c6d9e57-89fc-4121-af9e-03dafd483b60,SAD-505,غسالة,,,السعادة,,,,,,,,,,
SAD-505-RF-01,1c6d9e57-89fc-4121-af9e-03dafd483b60,SAD-505,ثلاجة,,,السعادة,,,,,,,,,,
SAD-506-AC-01,1c6d9e57-89fc-4121-af9e-03dafd483b60,SAD-506,مكيف سبليت,,,السعادة,,,,,,,,,,
SAD-506-AC-02,1c6d9e57-89fc-4121-af9e-03dafd483b60,SAD-506,مكيف سبليت,,,السعادة,,,,,,,,,,
SAD-506-AC-03,1c6d9e57-89fc-4121-af9e-03dafd483b60,SAD-506,مكيف سبليت,,,السعادة,,,,,,,,,,
SAD-506-AC-04,1c6d9e57-89fc-4121-af9e-03dafd483b60,SAD-506,مكيف سبليت,,,السعادة,,,,,,,,,,
SAD-506-WM-01,1c6d9e57-89fc-4121-af9e-03dafd483b60,SAD-506,غسالة,,,السعادة,,,,,,,,,,
SAD-506-RF-01,1c6d9e57-89fc-4121-af9e-03dafd483b60,SAD-506,ثلاجة,,,السعادة,,,,,,,,,,
SAD-601-AC-01,1c6d9e57-89fc-4121-af9e-03dafd483b60,SAD-601,مكيف سبليت,,,السعادة,,,,,,,,,,
SAD-601-AC-02,1c6d9e57-89fc-4121-af9e-03dafd483b60,SAD-601,مكيف سبليت,,,السعادة,,,,,,,,,,
SAD-601-AC-03,1c6d9e57-89fc-4121-af9e-03dafd483b60,SAD-601,مكيف سبليت,,,السعادة,,,,,,,,,,
SAD-601-WM-01,1c6d9e57-89fc-4121-af9e-03dafd483b60,SAD-601,غسالة,,,السعادة,,,,,,,,,,
SAD-601-RF-01,1c6d9e57-89fc-4121-af9e-03dafd483b60,SAD-601,ثلاجة,,,السعادة,,,,,,,,,,
SAD-602-AC-01,1c6d9e57-89fc-4121-af9e-03dafd483b60,SAD-602,مكيف سبليت,,,السعادة,,,,,,,,,,
SAD-602-AC-02,1c6d9e57-89fc-4121-af9e-03dafd483b60,SAD-602,مكيف سبليت,,,السعادة,,,,,,,,,,
SAD-602-AC-03,1c6d9e57-89fc-4121-af9e-03dafd483b60,SAD-602,مكيف سبليت,,,السعادة,,,,,,,,,,
SAD-602-WM-01,1c6d9e57-89fc-4121-af9e-03dafd483b60,SAD-602,غسالة,,,السعادة,,,,,,,,,,
SAD-602-RF-01,1c6d9e57-89fc-4121-af9e-03dafd483b60,SAD-602,ثلاجة,,,السعادة,,,,,,,,,,
SAD-603-AC-01,1c6d9e57-89fc-4121-af9e-03dafd483b60,SAD-603,مكيف سبليت,,,السعادة,,,,,,,,,,
SAD-603-AC-02,1c6d9e57-89fc-4121-af9e-03dafd483b60,SAD-603,مكيف سبليت,,,السعادة,,,,,,,,,,
SAD-603-AC-03,1c6d9e57-89fc-4121-af9e-03dafd483b60,SAD-603,مكيف سبليت,,,السعادة,,,,,,,,,,
SAD-603-WM-01,1c6d9e57-89fc-4121-af9e-03dafd483b60,SAD-603,غسالة,,,السعادة,,,,,,,,,,
SAD-603-RF-01,1c6d9e57-89fc-4121-af9e-03dafd483b60,SAD-603,ثلاجة,,,السعادة,,,,,,,,,,
SAD-604-AC-01,1c6d9e57-89fc-4121-af9e-03dafd483b60,SAD-604,مكيف سبليت,,,السعادة,,,,,,,,,,
SAD-604-AC-02,1c6d9e57-89fc-4121-af9e-03dafd483b60,SAD-604,مكيف سبليت,,,السعادة,,,,,,,,,,
SAD-604-WM-01,1c6d9e57-89fc-4121-af9e-03dafd483b60,SAD-604,غسالة,,,السعادة,,,,,,,,,,
SAD-604-RF-01,1c6d9e57-89fc-4121-af9e-03dafd483b60,SAD-604,ثلاجة,,,السعادة,,,,,,,,,,
SAD-605-AC-01,1c6d9e57-89fc-4121-af9e-03dafd483b60,SAD-605,مكيف سبليت,,,السعادة,,,,,,,,,,
SAD-605-RF-01,1c6d9e57-89fc-4121-af9e-03dafd483b60,SAD-605,ثلاجة,,,السعادة,,,,,,,,,,
SAD-606-AC-01,1c6d9e57-89fc-4121-af9e-03dafd483b60,SAD-606,مكيف سبليت,,,السعادة,,,,,,,,,,
SAD-606-RF-01,1c6d9e57-89fc-4121-af9e-03dafd483b60,SAD-606,ثلاجة,,,السعادة,,,,,,,,,,
SAD-G01-AC-01,1c6d9e57-89fc-4121-af9e-03dafd483b60,SAD-G01,مكيف سبليت,,,السعادة,,,,,,,,,,
SAD-G01-AC-02,1c6d9e57-89fc-4121-af9e-03dafd483b60,SAD-G01,مكيف سبليت,,,السعادة,,,,,,,,,,
SAD-G01-AC-03,1c6d9e57-89fc-4121-af9e-03dafd483b60,SAD-G01,مكيف سبليت,,,السعادة,,,,,,,,,,
SAD-G01-WM-01,1c6d9e57-89fc-4121-af9e-03dafd483b60,SAD-G01,غسالة,,,السعادة,,,,,,,,,,
SAD-G01-RF-01,1c6d9e57-89fc-4121-af9e-03dafd483b60,SAD-G01,ثلاجة,,,السعادة,,,,,,,,,,
SAD-G02-AC-01,1c6d9e57-89fc-4121-af9e-03dafd483b60,SAD-G02,مكيف سبليت,,,السعادة,,,,,,,,,,
SAD-G02-RF-01,1c6d9e57-89fc-4121-af9e-03dafd483b60,SAD-G02,ثلاجة,,,السعادة,,,,,,,,,,
SN-101-AC-01,1c6d9e57-89fc-4121-af9e-03dafd483b60 نستو,SN-101,مكيف سبليت,,,السعادة نستو,,,,,,,,,,
SN-101-AC-02,1c6d9e57-89fc-4121-af9e-03dafd483b60 نستو,SN-101,مكيف سبليت,,,السعادة نستو,,,,,,,,,,
SN-101-AC-03,1c6d9e57-89fc-4121-af9e-03dafd483b60 نستو,SN-101,مكيف سبليت,,,السعادة نستو,,,,,,,,,,
SN-101-WM-01,1c6d9e57-89fc-4121-af9e-03dafd483b60 نستو,SN-101,غسالة,,,السعادة نستو,,,,,,,,,,
SN-101-RF-01,1c6d9e57-89fc-4121-af9e-03dafd483b60 نستو,SN-101,ثلاجة,,,السعادة نستو,,,,,,,,,,
SN-102-AC-01,1c6d9e57-89fc-4121-af9e-03dafd483b60 نستو,SN-102,مكيف سبليت,,,السعادة نستو,,,,,,,,,,
SN-102-RF-01,1c6d9e57-89fc-4121-af9e-03dafd483b60 نستو,SN-102,ثلاجة,,,السعادة نستو,,,,,,,,,,
SN-103-AC-01,1c6d9e57-89fc-4121-af9e-03dafd483b60 نستو,SN-103,مكيف سبليت,,,السعادة نستو,,,,,,,,,,
SN-103-RF-01,1c6d9e57-89fc-4121-af9e-03dafd483b60 نستو,SN-103,ثلاجة,,,السعادة نستو,,,,,,,,,,
SN-104-AC-01,1c6d9e57-89fc-4121-af9e-03dafd483b60 نستو,SN-104,مكيف سبليت,,,السعادة نستو,,,,,,,,,,
SN-104-RF-01,1c6d9e57-89fc-4121-af9e-03dafd483b60 نستو,SN-104,ثلاجة,,,السعادة نستو,,,,,,,,,,
SN-105-AC-01,1c6d9e57-89fc-4121-af9e-03dafd483b60 نستو,SN-105,مكيف سبليت,,,السعادة نستو,,,,,,,,,,
SN-105-AC-02,1c6d9e57-89fc-4121-af9e-03dafd483b60 نستو,SN-105,مكيف سبليت,,,السعادة نستو,,,,,,,,,,
SN-105-WM-01,1c6d9e57-89fc-4121-af9e-03dafd483b60 نستو,SN-105,غسالة,,,السعادة نستو,,,,,,,,,,
SN-105-RF-01,1c6d9e57-89fc-4121-af9e-03dafd483b60 نستو,SN-105,ثلاجة,,,السعادة نستو,,,,,,,,,,
SN-106-AC-01,1c6d9e57-89fc-4121-af9e-03dafd483b60 نستو,SN-106,مكيف سبليت,,,السعادة نستو,,,,,,,,,,
SN-106-AC-02,1c6d9e57-89fc-4121-af9e-03dafd483b60 نستو,SN-106,مكيف سبليت,,,السعادة نستو,,,,,,,,,,
SN-106-WM-01,1c6d9e57-89fc-4121-af9e-03dafd483b60 نستو,SN-106,غسالة,,,السعادة نستو,,,,,,,,,,
SN-106-RF-01,1c6d9e57-89fc-4121-af9e-03dafd483b60 نستو,SN-106,ثلاجة,,,السعادة نستو,,,,,,,,,,
SN-201-AC-01,1c6d9e57-89fc-4121-af9e-03dafd483b60 نستو,SN-201,مكيف سبليت,,,السعادة نستو,,,,,,,,,,
SN-201-AC-02,1c6d9e57-89fc-4121-af9e-03dafd483b60 نستو,SN-201,مكيف سبليت,,,السعادة نستو,,,,,,,,,,
SN-201-WM-01,1c6d9e57-89fc-4121-af9e-03dafd483b60 نستو,SN-201,غسالة,,,السعادة نستو,,,,,,,,,,
SN-201-RF-01,1c6d9e57-89fc-4121-af9e-03dafd483b60 نستو,SN-201,ثلاجة,,,السعادة نستو,,,,,,,,,,
SN-202-AC-01,1c6d9e57-89fc-4121-af9e-03dafd483b60 نستو,SN-202,مكيف سبليت,,,السعادة نستو,,,,,,,,,,
SN-202-AC-02,1c6d9e57-89fc-4121-af9e-03dafd483b60 نستو,SN-202,مكيف سبليت,,,السعادة نستو,,,,,,,,,,
SN-202-AC-03,1c6d9e57-89fc-4121-af9e-03dafd483b60 نستو,SN-202,مكيف سبليت,,,السعادة نستو,,,,,,,,,,
SN-202-WM-01,1c6d9e57-89fc-4121-af9e-03dafd483b60 نستو,SN-202,غسالة,,,السعادة نستو,,,,,,,,,,
SN-202-RF-01,1c6d9e57-89fc-4121-af9e-03dafd483b60 نستو,SN-202,ثلاجة,,,السعادة نستو,,,,,,,,,,
SN-203-AC-01,1c6d9e57-89fc-4121-af9e-03dafd483b60 نستو,SN-203,مكيف سبليت,,,السعادة نستو,,,,,,,,,,
SN-203-AC-02,1c6d9e57-89fc-4121-af9e-03dafd483b60 نستو,SN-203,مكيف سبليت,,,السعادة نستو,,,,,,,,,,
SN-203-AC-03,1c6d9e57-89fc-4121-af9e-03dafd483b60 نستو,SN-203,مكيف سبليت,,,السعادة نستو,,,,,,,,,,
SN-203-WM-01,1c6d9e57-89fc-4121-af9e-03dafd483b60 نستو,SN-203,غسالة,,,السعادة نستو,,,,,,,,,,
SN-203-RF-01,1c6d9e57-89fc-4121-af9e-03dafd483b60 نستو,SN-203,ثلاجة,,,السعادة نستو,,,,,,,,,,
SN-204-AC-01,1c6d9e57-89fc-4121-af9e-03dafd483b60 نستو,SN-204,مكيف سبليت,,,السعادة نستو,,,,,,,,,,
SN-204-AC-02,1c6d9e57-89fc-4121-af9e-03dafd483b60 نستو,SN-204,مكيف سبليت,,,السعادة نستو,,,,,,,,,,
SN-204-AC-03,1c6d9e57-89fc-4121-af9e-03dafd483b60 نستو,SN-204,مكيف سبليت,,,السعادة نستو,,,,,,,,,,
SN-204-WM-01,1c6d9e57-89fc-4121-af9e-03dafd483b60 نستو,SN-204,غسالة,,,السعادة نستو,,,,,,,,,,
SN-204-RF-01,1c6d9e57-89fc-4121-af9e-03dafd483b60 نستو,SN-204,ثلاجة,,,السعادة نستو,,,,,,,,,,
SN-301-AC-01,1c6d9e57-89fc-4121-af9e-03dafd483b60 نستو,SN-301,مكيف سبليت,,,السعادة نستو,,,,,,,,,,
SN-301-AC-02,1c6d9e57-89fc-4121-af9e-03dafd483b60 نستو,SN-301,مكيف سبليت,,,السعادة نستو,,,,,,,,,,
SN-301-WM-01,1c6d9e57-89fc-4121-af9e-03dafd483b60 نستو,SN-301,غسالة,,,السعادة نستو,,,,,,,,,,
SN-301-RF-01,1c6d9e57-89fc-4121-af9e-03dafd483b60 نستو,SN-301,ثلاجة,,,السعادة نستو,,,,,,,,,,
SN-302-AC-01,1c6d9e57-89fc-4121-af9e-03dafd483b60 نستو,SN-302,مكيف سبليت,,,السعادة نستو,,,,,,,,,,
SN-302-AC-02,1c6d9e57-89fc-4121-af9e-03dafd483b60 نستو,SN-302,مكيف سبليت,,,السعادة نستو,,,,,,,,,,
SN-302-AC-03,1c6d9e57-89fc-4121-af9e-03dafd483b60 نستو,SN-302,مكيف سبليت,,,السعادة نستو,,,,,,,,,,
SN-302-WM-01,1c6d9e57-89fc-4121-af9e-03dafd483b60 نستو,SN-302,غسالة,,,السعادة نستو,,,,,,,,,,
SN-302-RF-01,1c6d9e57-89fc-4121-af9e-03dafd483b60 نستو,SN-302,ثلاجة,,,السعادة نستو,,,,,,,,,,
SN-303-AC-01,1c6d9e57-89fc-4121-af9e-03dafd483b60 نستو,SN-303,مكيف سبليت,,,السعادة نستو,,,,,,,,,,
SN-303-AC-02,1c6d9e57-89fc-4121-af9e-03dafd483b60 نستو,SN-303,مكيف سبليت,,,السعادة نستو,,,,,,,,,,
SN-303-AC-03,1c6d9e57-89fc-4121-af9e-03dafd483b60 نستو,SN-303,مكيف سبليت,,,السعادة نستو,,,,,,,,,,
SN-303-WM-01,1c6d9e57-89fc-4121-af9e-03dafd483b60 نستو,SN-303,غسالة,,,السعادة نستو,,,,,,,,,,
SN-303-RF-01,1c6d9e57-89fc-4121-af9e-03dafd483b60 نستو,SN-303,ثلاجة,,,السعادة نستو,,,,,,,,,,
SN-304-AC-01,1c6d9e57-89fc-4121-af9e-03dafd483b60 نستو,SN-304,مكيف سبليت,,,السعادة نستو,,,,,,,,,,
SN-304-AC-02,1c6d9e57-89fc-4121-af9e-03dafd483b60 نستو,SN-304,مكيف سبليت,,,السعادة نستو,,,,,,,,,,
SN-304-AC-03,1c6d9e57-89fc-4121-af9e-03dafd483b60 نستو,SN-304,مكيف سبليت,,,السعادة نستو,,,,,,,,,,
SN-304-WM-01,1c6d9e57-89fc-4121-af9e-03dafd483b60 نستو,SN-304,غسالة,,,السعادة نستو,,,,,,,,,,
SN-304-RF-01,1c6d9e57-89fc-4121-af9e-03dafd483b60 نستو,SN-304,ثلاجة,,,السعادة نستو,,,,,,,,,,
WD-01-AC-01,1c54f2e1-78c9-4552-8125-5da8fca6ff1a,WD-01,مكيف سبليت,,,الوادي,,,,,,,,,,
WD-01-AC-02,1c54f2e1-78c9-4552-8125-5da8fca6ff1a,WD-01,مكيف سبليت,,,الوادي,,,,,,,,,,
WD-01-WM-01,1c54f2e1-78c9-4552-8125-5da8fca6ff1a,WD-01,غسالة,,,الوادي,,,,,,,,,,
WD-01-RF-01,1c54f2e1-78c9-4552-8125-5da8fca6ff1a,WD-01,ثلاجة,,,الوادي,,,,,,,,,,
WD-02-AC-01,1c54f2e1-78c9-4552-8125-5da8fca6ff1a,WD-02,مكيف سبليت,,,الوادي,,,,,,,,,,
WD-02-AC-02,1c54f2e1-78c9-4552-8125-5da8fca6ff1a,WD-02,مكيف سبليت,,,الوادي,,,,,,,,,,
WD-02-AC-03,1c54f2e1-78c9-4552-8125-5da8fca6ff1a,WD-02,مكيف سبليت,,,الوادي,,,,,,,,,,
WD-02-WM-01,1c54f2e1-78c9-4552-8125-5da8fca6ff1a,WD-02,غسالة,,,الوادي,,,,,,,,,,
WD-02-RF-01,1c54f2e1-78c9-4552-8125-5da8fca6ff1a,WD-02,ثلاجة,,,الوادي,,,,,,,,,,
WD-03-AC-01,1c54f2e1-78c9-4552-8125-5da8fca6ff1a,WD-03,مكيف سبليت,,,الوادي,,,,,,,,,,
WD-03-AC-02,1c54f2e1-78c9-4552-8125-5da8fca6ff1a,WD-03,مكيف سبليت,,,الوادي,,,,,,,,,,
WD-03-AC-03,1c54f2e1-78c9-4552-8125-5da8fca6ff1a,WD-03,مكيف سبليت,,,الوادي,,,,,,,,,,
WD-03-WM-01,1c54f2e1-78c9-4552-8125-5da8fca6ff1a,WD-03,غسالة,,,الوادي,,,,,,,,,,
WD-03-RF-01,1c54f2e1-78c9-4552-8125-5da8fca6ff1a,WD-03,ثلاجة,,,الوادي,,,,,,,,,,
WD-04-AC-01,1c54f2e1-78c9-4552-8125-5da8fca6ff1a,WD-04,مكيف سبليت,,,الوادي,,,,,,,,,,
WD-04-AC-02,1c54f2e1-78c9-4552-8125-5da8fca6ff1a,WD-04,مكيف سبليت,,,الوادي,,,,,,,,,,
WD-04-AC-03,1c54f2e1-78c9-4552-8125-5da8fca6ff1a,WD-04,مكيف سبليت,,,الوادي,,,,,,,,,,
WD-04-WM-01,1c54f2e1-78c9-4552-8125-5da8fca6ff1a,WD-04,غسالة,,,الوادي,,,,,,,,,,
WD-04-RF-01,1c54f2e1-78c9-4552-8125-5da8fca6ff1a,WD-04,ثلاجة,,,الوادي,,,,,,,,,,
WD-101-AC-01,1c54f2e1-78c9-4552-8125-5da8fca6ff1a,WD-101,مكيف سبليت,,,الوادي,,,,,,,,,,
WD-101-AC-02,1c54f2e1-78c9-4552-8125-5da8fca6ff1a,WD-101,مكيف سبليت,,,الوادي,,,,,,,,,,
WD-101-AC-03,1c54f2e1-78c9-4552-8125-5da8fca6ff1a,WD-101,مكيف سبليت,,,الوادي,,,,,,,,,,
WD-101-WM-01,1c54f2e1-78c9-4552-8125-5da8fca6ff1a,WD-101,غسالة,,,الوادي,,,,,,,,,,
WD-101-RF-01,1c54f2e1-78c9-4552-8125-5da8fca6ff1a,WD-101,ثلاجة,,,الوادي,,,,,,,,,,
WD-102-AC-01,1c54f2e1-78c9-4552-8125-5da8fca6ff1a,WD-102,مكيف سبليت,,,الوادي,,,,,,,,,,
WD-102-AC-02,1c54f2e1-78c9-4552-8125-5da8fca6ff1a,WD-102,مكيف سبليت,,,الوادي,,,,,,,,,,
WD-102-AC-03,1c54f2e1-78c9-4552-8125-5da8fca6ff1a,WD-102,مكيف سبليت,,,الوادي,,,,,,,,,,
WD-102-WM-01,1c54f2e1-78c9-4552-8125-5da8fca6ff1a,WD-102,غسالة,,,الوادي,,,,,,,,,,
WD-102-RF-01,1c54f2e1-78c9-4552-8125-5da8fca6ff1a,WD-102,ثلاجة,,,الوادي,,,,,,,,,,
WD-103-AC-01,1c54f2e1-78c9-4552-8125-5da8fca6ff1a,WD-103,مكيف سبليت,,,الوادي,,,,,,,,,,
WD-103-AC-02,1c54f2e1-78c9-4552-8125-5da8fca6ff1a,WD-103,مكيف سبليت,,,الوادي,,,,,,,,,,
WD-103-AC-03,1c54f2e1-78c9-4552-8125-5da8fca6ff1a,WD-103,مكيف سبليت,,,الوادي,,,,,,,,,,
WD-103-WM-01,1c54f2e1-78c9-4552-8125-5da8fca6ff1a,WD-103,غسالة,,,الوادي,,,,,,,,,,
WD-103-RF-01,1c54f2e1-78c9-4552-8125-5da8fca6ff1a,WD-103,ثلاجة,,,الوادي,,,,,,,,,,
WD-104-AC-01,1c54f2e1-78c9-4552-8125-5da8fca6ff1a,WD-104,مكيف سبليت,,,الوادي,,,,,,,,,,
WD-104-AC-02,1c54f2e1-78c9-4552-8125-5da8fca6ff1a,WD-104,مكيف سبليت,,,الوادي,,,,,,,,,,
WD-104-AC-03,1c54f2e1-78c9-4552-8125-5da8fca6ff1a,WD-104,مكيف سبليت,,,الوادي,,,,,,,,,,
WD-104-WM-01,1c54f2e1-78c9-4552-8125-5da8fca6ff1a,WD-104,غسالة,,,الوادي,,,,,,,,,,
WD-104-RF-01,1c54f2e1-78c9-4552-8125-5da8fca6ff1a,WD-104,ثلاجة,,,الوادي,,,,,,,,,,
WD-201-AC-01,1c54f2e1-78c9-4552-8125-5da8fca6ff1a,WD-201,مكيف سبليت,,,الوادي,,,,,,,,,,
WD-201-AC-02,1c54f2e1-78c9-4552-8125-5da8fca6ff1a,WD-201,مكيف سبليت,,,الوادي,,,,,,,,,,
WD-201-AC-03,1c54f2e1-78c9-4552-8125-5da8fca6ff1a,WD-201,مكيف سبليت,,,الوادي,,,,,,,,,,
WD-201-WM-01,1c54f2e1-78c9-4552-8125-5da8fca6ff1a,WD-201,غسالة,,,الوادي,,,,,,,,,,
WD-201-RF-01,1c54f2e1-78c9-4552-8125-5da8fca6ff1a,WD-201,ثلاجة,,,الوادي,,,,,,,,,,
WD-202-AC-01,1c54f2e1-78c9-4552-8125-5da8fca6ff1a,WD-202,مكيف سبليت,,,الوادي,,,,,,,,,,
WD-202-AC-02,1c54f2e1-78c9-4552-8125-5da8fca6ff1a,WD-202,مكيف سبليت,,,الوادي,,,,,,,,,,
WD-202-AC-03,1c54f2e1-78c9-4552-8125-5da8fca6ff1a,WD-202,مكيف سبليت,,,الوادي,,,,,,,,,,
WD-202-WM-01,1c54f2e1-78c9-4552-8125-5da8fca6ff1a,WD-202,غسالة,,,الوادي,,,,,,,,,,
WD-202-RF-01,1c54f2e1-78c9-4552-8125-5da8fca6ff1a,WD-202,ثلاجة,,,الوادي,,,,,,,,,,
WD-203-AC-01,1c54f2e1-78c9-4552-8125-5da8fca6ff1a,WD-203,مكيف سبليت,,,الوادي,,,,,,,,,,
WD-203-AC-02,1c54f2e1-78c9-4552-8125-5da8fca6ff1a,WD-203,مكيف سبليت,,,الوادي,,,,,,,,,,
WD-203-AC-03,1c54f2e1-78c9-4552-8125-5da8fca6ff1a,WD-203,مكيف سبليت,,,الوادي,,,,,,,,,,
WD-203-WM-01,1c54f2e1-78c9-4552-8125-5da8fca6ff1a,WD-203,غسالة,,,الوادي,,,,,,,,,,
WD-203-RF-01,1c54f2e1-78c9-4552-8125-5da8fca6ff1a,WD-203,ثلاجة,,,الوادي,,,,,,,,,,
WD-204-AC-01,1c54f2e1-78c9-4552-8125-5da8fca6ff1a,WD-204,مكيف سبليت,,,الوادي,,,,,,,,,,
WD-204-AC-02,1c54f2e1-78c9-4552-8125-5da8fca6ff1a,WD-204,مكيف سبليت,,,الوادي,,,,,,,,,,
WD-204-AC-03,1c54f2e1-78c9-4552-8125-5da8fca6ff1a,WD-204,مكيف سبليت,,,الوادي,,,,,,,,,,
WD-204-WM-01,1c54f2e1-78c9-4552-8125-5da8fca6ff1a,WD-204,غسالة,,,الوادي,,,,,,,,,,
WD-204-RF-01,1c54f2e1-78c9-4552-8125-5da8fca6ff1a,WD-204,ثلاجة,,,الوادي,,,,,,,,,,
WD-301-AC-01,1c54f2e1-78c9-4552-8125-5da8fca6ff1a,WD-301,مكيف سبليت,,,الوادي,,,,,,,,,,
WD-301-AC-02,1c54f2e1-78c9-4552-8125-5da8fca6ff1a,WD-301,مكيف سبليت,,,الوادي,,,,,,,,,,
WD-301-AC-03,1c54f2e1-78c9-4552-8125-5da8fca6ff1a,WD-301,مكيف سبليت,,,الوادي,,,,,,,,,,
WD-301-WM-01,1c54f2e1-78c9-4552-8125-5da8fca6ff1a,WD-301,غسالة,,,الوادي,,,,,,,,,,
WD-301-RF-01,1c54f2e1-78c9-4552-8125-5da8fca6ff1a,WD-301,ثلاجة,,,الوادي,,,,,,,,,,
WD-302-AC-01,1c54f2e1-78c9-4552-8125-5da8fca6ff1a,WD-302,مكيف سبليت,,,الوادي,,,,,,,,,,
WD-302-AC-02,1c54f2e1-78c9-4552-8125-5da8fca6ff1a,WD-302,مكيف سبليت,,,الوادي,,,,,,,,,,
WD-302-AC-03,1c54f2e1-78c9-4552-8125-5da8fca6ff1a,WD-302,مكيف سبليت,,,الوادي,,,,,,,,,,
WD-302-WM-01,1c54f2e1-78c9-4552-8125-5da8fca6ff1a,WD-302,غسالة,,,الوادي,,,,,,,,,,
WD-302-RF-01,1c54f2e1-78c9-4552-8125-5da8fca6ff1a,WD-302,ثلاجة,,,الوادي,,,,,,,,,,
WD-303-AC-01,1c54f2e1-78c9-4552-8125-5da8fca6ff1a,WD-303,مكيف سبليت,,,الوادي,,,,,,,,,,
WD-303-AC-02,1c54f2e1-78c9-4552-8125-5da8fca6ff1a,WD-303,مكيف سبليت,,,الوادي,,,,,,,,,,
WD-303-AC-03,1c54f2e1-78c9-4552-8125-5da8fca6ff1a,WD-303,مكيف سبليت,,,الوادي,,,,,,,,,,
WD-303-WM-01,1c54f2e1-78c9-4552-8125-5da8fca6ff1a,WD-303,غسالة,,,الوادي,,,,,,,,,,
WD-303-RF-01,1c54f2e1-78c9-4552-8125-5da8fca6ff1a,WD-303,ثلاجة,,,الوادي,,,,,,,,,,
WD-304-AC-01,1c54f2e1-78c9-4552-8125-5da8fca6ff1a,WD-304,مكيف سبليت,,,الوادي,,,,,,,,,,
WD-304-AC-02,1c54f2e1-78c9-4552-8125-5da8fca6ff1a,WD-304,مكيف سبليت,,,الوادي,,,,,,,,,,
WD-304-AC-03,1c54f2e1-78c9-4552-8125-5da8fca6ff1a,WD-304,مكيف سبليت,,,الوادي,,,,,,,,,,
WD-304-WM-01,1c54f2e1-78c9-4552-8125-5da8fca6ff1a,WD-304,غسالة,,,الوادي,,,,,,,,,,
WD-304-RF-01,1c54f2e1-78c9-4552-8125-5da8fca6ff1a,WD-304,ثلاجة,,,الوادي,,,,,,,,,,
WD-401-AC-01,1c54f2e1-78c9-4552-8125-5da8fca6ff1a,WD-401,مكيف سبليت,,,الوادي,,,,,,,,,,
WD-401-AC-02,1c54f2e1-78c9-4552-8125-5da8fca6ff1a,WD-401,مكيف سبليت,,,الوادي,,,,,,,,,,
WD-401-AC-03,1c54f2e1-78c9-4552-8125-5da8fca6ff1a,WD-401,مكيف سبليت,,,الوادي,,,,,,,,,,
WD-401-WM-01,1c54f2e1-78c9-4552-8125-5da8fca6ff1a,WD-401,غسالة,,,الوادي,,,,,,,,,,
WD-401-RF-01,1c54f2e1-78c9-4552-8125-5da8fca6ff1a,WD-401,ثلاجة,,,الوادي,,,,,,,,,,
WD-402-AC-01,1c54f2e1-78c9-4552-8125-5da8fca6ff1a,WD-402,مكيف سبليت,,,الوادي,,,,,,,,,,
WD-402-AC-02,1c54f2e1-78c9-4552-8125-5da8fca6ff1a,WD-402,مكيف سبليت,,,الوادي,,,,,,,,,,
WD-402-AC-03,1c54f2e1-78c9-4552-8125-5da8fca6ff1a,WD-402,مكيف سبليت,,,الوادي,,,,,,,,,,
WD-402-WM-01,1c54f2e1-78c9-4552-8125-5da8fca6ff1a,WD-402,غسالة,,,الوادي,,,,,,,,,,
WD-402-RF-01,1c54f2e1-78c9-4552-8125-5da8fca6ff1a,WD-402,ثلاجة,,,الوادي,,,,,,,,,,
WD-403-AC-01,1c54f2e1-78c9-4552-8125-5da8fca6ff1a,WD-403,مكيف سبليت,,,الوادي,,,,,,,,,,
WD-403-AC-02,1c54f2e1-78c9-4552-8125-5da8fca6ff1a,WD-403,مكيف سبليت,,,الوادي,,,,,,,,,,
WD-403-WM-01,1c54f2e1-78c9-4552-8125-5da8fca6ff1a,WD-403,غسالة,,,الوادي,,,,,,,,,,
WD-403-RF-01,1c54f2e1-78c9-4552-8125-5da8fca6ff1a,WD-403,ثلاجة,,,الوادي,,,,,,,,,,
WD-404-AC-01,1c54f2e1-78c9-4552-8125-5da8fca6ff1a,WD-404,مكيف سبليت,,,الوادي,,,,,,,,,,
WD-404-AC-02,1c54f2e1-78c9-4552-8125-5da8fca6ff1a,WD-404,مكيف سبليت,,,الوادي,,,,,,,,,,
WD-404-AC-03,1c54f2e1-78c9-4552-8125-5da8fca6ff1a,WD-404,مكيف سبليت,,,الوادي,,,,,,,,,,
WD-404-WM-01,1c54f2e1-78c9-4552-8125-5da8fca6ff1a,WD-404,غسالة,,,الوادي,,,,,,,,,,
WD-404-RF-01,1c54f2e1-78c9-4552-8125-5da8fca6ff1a,WD-404,ثلاجة,,,الوادي,,,,,,,,,,
OK-101-AC-01,5241128f-d04e-456a-8ba0-1ad6df7f51e1,OK-101,مكيف سبليت,,,عوقد,,,,,,,,,,
OK-101-AC-02,5241128f-d04e-456a-8ba0-1ad6df7f51e1,OK-101,مكيف سبليت,,,عوقد,,,,,,,,,,
OK-101-WM-01,5241128f-d04e-456a-8ba0-1ad6df7f51e1,OK-101,غسالة,,,عوقد,,,,,,,,,,
OK-101-RF-01,5241128f-d04e-456a-8ba0-1ad6df7f51e1,OK-101,ثلاجة,,,عوقد,,,,,,,,,,
OK-102-AC-01,5241128f-d04e-456a-8ba0-1ad6df7f51e1,OK-102,مكيف سبليت,,,عوقد,,,,,,,,,,
OK-102-AC-02,5241128f-d04e-456a-8ba0-1ad6df7f51e1,OK-102,مكيف سبليت,,,عوقد,,,,,,,,,,
OK-102-AC-03,5241128f-d04e-456a-8ba0-1ad6df7f51e1,OK-102,مكيف سبليت,,,عوقد,,,,,,,,,,
OK-102-WM-01,5241128f-d04e-456a-8ba0-1ad6df7f51e1,OK-102,غسالة,,,عوقد,,,,,,,,,,
OK-102-RF-01,5241128f-d04e-456a-8ba0-1ad6df7f51e1,OK-102,ثلاجة,,,عوقد,,,,,,,,,,
OK-103-AC-01,5241128f-d04e-456a-8ba0-1ad6df7f51e1,OK-103,مكيف سبليت,,,عوقد,,,,,,,,,,
OK-103-AC-02,5241128f-d04e-456a-8ba0-1ad6df7f51e1,OK-103,مكيف سبليت,,,عوقد,,,,,,,,,,
OK-103-AC-03,5241128f-d04e-456a-8ba0-1ad6df7f51e1,OK-103,مكيف سبليت,,,عوقد,,,,,,,,,,
OK-103-WM-01,5241128f-d04e-456a-8ba0-1ad6df7f51e1,OK-103,غسالة,,,عوقد,,,,,,,,,,
OK-103-RF-01,5241128f-d04e-456a-8ba0-1ad6df7f51e1,OK-103,ثلاجة,,,عوقد,,,,,,,,,,
OK-104-AC-01,5241128f-d04e-456a-8ba0-1ad6df7f51e1,OK-104,مكيف سبليت,,,عوقد,,,,,,,,,,
OK-104-AC-02,5241128f-d04e-456a-8ba0-1ad6df7f51e1,OK-104,مكيف سبليت,,,عوقد,,,,,,,,,,
OK-104-AC-03,5241128f-d04e-456a-8ba0-1ad6df7f51e1,OK-104,مكيف سبليت,,,عوقد,,,,,,,,,,
OK-104-WM-01,5241128f-d04e-456a-8ba0-1ad6df7f51e1,OK-104,غسالة,,,عوقد,,,,,,,,,,
OK-104-RF-01,5241128f-d04e-456a-8ba0-1ad6df7f51e1,OK-104,ثلاجة,,,عوقد,,,,,,,,,,
OK-105-AC-01,5241128f-d04e-456a-8ba0-1ad6df7f51e1,OK-105,مكيف سبليت,,,عوقد,,,,,,,,,,
OK-105-AC-02,5241128f-d04e-456a-8ba0-1ad6df7f51e1,OK-105,مكيف سبليت,,,عوقد,,,,,,,,,,
OK-105-AC-03,5241128f-d04e-456a-8ba0-1ad6df7f51e1,OK-105,مكيف سبليت,,,عوقد,,,,,,,,,,
OK-105-WM-01,5241128f-d04e-456a-8ba0-1ad6df7f51e1,OK-105,غسالة,,,عوقد,,,,,,,,,,
OK-105-RF-01,5241128f-d04e-456a-8ba0-1ad6df7f51e1,OK-105,ثلاجة,,,عوقد,,,,,,,,,,
OK-201-AC-01,5241128f-d04e-456a-8ba0-1ad6df7f51e1,OK-201,مكيف سبليت,,,عوقد,,,,,,,,,,
OK-201-AC-02,5241128f-d04e-456a-8ba0-1ad6df7f51e1,OK-201,مكيف سبليت,,,عوقد,,,,,,,,,,
OK-201-WM-01,5241128f-d04e-456a-8ba0-1ad6df7f51e1,OK-201,غسالة,,,عوقد,,,,,,,,,,
OK-201-RF-01,5241128f-d04e-456a-8ba0-1ad6df7f51e1,OK-201,ثلاجة,,,عوقد,,,,,,,,,,
OK-202-AC-01,5241128f-d04e-456a-8ba0-1ad6df7f51e1,OK-202,مكيف سبليت,,,عوقد,,,,,,,,,,
OK-202-AC-02,5241128f-d04e-456a-8ba0-1ad6df7f51e1,OK-202,مكيف سبليت,,,عوقد,,,,,,,,,,
OK-202-AC-03,5241128f-d04e-456a-8ba0-1ad6df7f51e1,OK-202,مكيف سبليت,,,عوقد,,,,,,,,,,
OK-202-WM-01,5241128f-d04e-456a-8ba0-1ad6df7f51e1,OK-202,غسالة,,,عوقد,,,,,,,,,,
OK-202-RF-01,5241128f-d04e-456a-8ba0-1ad6df7f51e1,OK-202,ثلاجة,,,عوقد,,,,,,,,,,
OK-203-AC-01,5241128f-d04e-456a-8ba0-1ad6df7f51e1,OK-203,مكيف سبليت,,,عوقد,,,,,,,,,,
OK-203-AC-02,5241128f-d04e-456a-8ba0-1ad6df7f51e1,OK-203,مكيف سبليت,,,عوقد,,,,,,,,,,
OK-203-AC-03,5241128f-d04e-456a-8ba0-1ad6df7f51e1,OK-203,مكيف سبليت,,,عوقد,,,,,,,,,,
OK-203-WM-01,5241128f-d04e-456a-8ba0-1ad6df7f51e1,OK-203,غسالة,,,عوقد,,,,,,,,,,
OK-203-RF-01,5241128f-d04e-456a-8ba0-1ad6df7f51e1,OK-203,ثلاجة,,,عوقد,,,,,,,,,,
OK-204-AC-01,5241128f-d04e-456a-8ba0-1ad6df7f51e1,OK-204,مكيف سبليت,,,عوقد,,,,,,,,,,
OK-204-AC-02,5241128f-d04e-456a-8ba0-1ad6df7f51e1,OK-204,مكيف سبليت,,,عوقد,,,,,,,,,,
OK-204-AC-03,5241128f-d04e-456a-8ba0-1ad6df7f51e1,OK-204,مكيف سبليت,,,عوقد,,,,,,,,,,
OK-204-WM-01,5241128f-d04e-456a-8ba0-1ad6df7f51e1,OK-204,غسالة,,,عوقد,,,,,,,,,,
OK-204-RF-01,5241128f-d04e-456a-8ba0-1ad6df7f51e1,OK-204,ثلاجة,,,عوقد,,,,,,,,,,
OK-205-AC-01,5241128f-d04e-456a-8ba0-1ad6df7f51e1,OK-205,مكيف سبليت,,,عوقد,,,,,,,,,,
OK-205-AC-02,5241128f-d04e-456a-8ba0-1ad6df7f51e1,OK-205,مكيف سبليت,,,عوقد,,,,,,,,,,
OK-205-AC-03,5241128f-d04e-456a-8ba0-1ad6df7f51e1,OK-205,مكيف سبليت,,,عوقد,,,,,,,,,,
OK-205-WM-01,5241128f-d04e-456a-8ba0-1ad6df7f51e1,OK-205,غسالة,,,عوقد,,,,,,,,,,
OK-205-RF-01,5241128f-d04e-456a-8ba0-1ad6df7f51e1,OK-205,ثلاجة,,,عوقد,,,,,,,,,,
OK-301-AC-01,5241128f-d04e-456a-8ba0-1ad6df7f51e1,OK-301,مكيف سبليت,,,عوقد,,,,,,,,,,
OK-301-AC-02,5241128f-d04e-456a-8ba0-1ad6df7f51e1,OK-301,مكيف سبليت,,,عوقد,,,,,,,,,,
OK-301-WM-01,5241128f-d04e-456a-8ba0-1ad6df7f51e1,OK-301,غسالة,,,عوقد,,,,,,,,,,
OK-301-RF-01,5241128f-d04e-456a-8ba0-1ad6df7f51e1,OK-301,ثلاجة,,,عوقد,,,,,,,,,,
OK-302-AC-01,5241128f-d04e-456a-8ba0-1ad6df7f51e1,OK-302,مكيف سبليت,,,عوقد,,,,,,,,,,
OK-302-AC-02,5241128f-d04e-456a-8ba0-1ad6df7f51e1,OK-302,مكيف سبليت,,,عوقد,,,,,,,,,,
OK-302-AC-03,5241128f-d04e-456a-8ba0-1ad6df7f51e1,OK-302,مكيف سبليت,,,عوقد,,,,,,,,,,
OK-302-WM-01,5241128f-d04e-456a-8ba0-1ad6df7f51e1,OK-302,غسالة,,,عوقد,,,,,,,,,,
OK-302-RF-01,5241128f-d04e-456a-8ba0-1ad6df7f51e1,OK-302,ثلاجة,,,عوقد,,,,,,,,,,
OK-303-AC-01,5241128f-d04e-456a-8ba0-1ad6df7f51e1,OK-303,مكيف سبليت,,,عوقد,,,,,,,,,,
OK-303-AC-02,5241128f-d04e-456a-8ba0-1ad6df7f51e1,OK-303,مكيف سبليت,,,عوقد,,,,,,,,,,
OK-303-AC-03,5241128f-d04e-456a-8ba0-1ad6df7f51e1,OK-303,مكيف سبليت,,,عوقد,,,,,,,,,,
OK-303-WM-01,5241128f-d04e-456a-8ba0-1ad6df7f51e1,OK-303,غسالة,,,عوقد,,,,,,,,,,
OK-303-RF-01,5241128f-d04e-456a-8ba0-1ad6df7f51e1,OK-303,ثلاجة,,,عوقد,,,,,,,,,,
OK-304-AC-01,5241128f-d04e-456a-8ba0-1ad6df7f51e1,OK-304,مكيف سبليت,,,عوقد,,,,,,,,,,
OK-304-AC-02,5241128f-d04e-456a-8ba0-1ad6df7f51e1,OK-304,مكيف سبليت,,,عوقد,,,,,,,,,,
OK-304-AC-03,5241128f-d04e-456a-8ba0-1ad6df7f51e1,OK-304,مكيف سبليت,,,عوقد,,,,,,,,,,
OK-304-WM-01,5241128f-d04e-456a-8ba0-1ad6df7f51e1,OK-304,غسالة,,,عوقد,,,,,,,,,,
OK-304-RF-01,5241128f-d04e-456a-8ba0-1ad6df7f51e1,OK-304,ثلاجة,,,عوقد,,,,,,,,,,
OK-305-AC-01,5241128f-d04e-456a-8ba0-1ad6df7f51e1,OK-305,مكيف سبليت,,,عوقد,,,,,,,,,,
OK-305-AC-02,5241128f-d04e-456a-8ba0-1ad6df7f51e1,OK-305,مكيف سبليت,,,عوقد,,,,,,,,,,
OK-305-AC-03,5241128f-d04e-456a-8ba0-1ad6df7f51e1,OK-305,مكيف سبليت,,,عوقد,,,,,,,,,,
OK-305-WM-01,5241128f-d04e-456a-8ba0-1ad6df7f51e1,OK-305,غسالة,,,عوقد,,,,,,,,,,
OK-305-RF-01,5241128f-d04e-456a-8ba0-1ad6df7f51e1,OK-305,ثلاجة,,,عوقد,,,,,,,,,,
OK-401-AC-01,5241128f-d04e-456a-8ba0-1ad6df7f51e1,OK-401,مكيف سبليت,,,عوقد,,,,,,,,,,
OK-401-AC-02,5241128f-d04e-456a-8ba0-1ad6df7f51e1,OK-401,مكيف سبليت,,,عوقد,,,,,,,,,,
OK-401-WM-01,5241128f-d04e-456a-8ba0-1ad6df7f51e1,OK-401,غسالة,,,عوقد,,,,,,,,,,
OK-401-RF-01,5241128f-d04e-456a-8ba0-1ad6df7f51e1,OK-401,ثلاجة,,,عوقد,,,,,,,,,,
OK-402-AC-01,5241128f-d04e-456a-8ba0-1ad6df7f51e1,OK-402,مكيف سبليت,,,عوقد,,,,,,,,,,
OK-402-AC-02,5241128f-d04e-456a-8ba0-1ad6df7f51e1,OK-402,مكيف سبليت,,,عوقد,,,,,,,,,,
OK-402-AC-03,5241128f-d04e-456a-8ba0-1ad6df7f51e1,OK-402,مكيف سبليت,,,عوقد,,,,,,,,,,
OK-402-WM-01,5241128f-d04e-456a-8ba0-1ad6df7f51e1,OK-402,غسالة,,,عوقد,,,,,,,,,,
OK-402-RF-01,5241128f-d04e-456a-8ba0-1ad6df7f51e1,OK-402,ثلاجة,,,عوقد,,,,,,,,,,
OK-403-AC-01,5241128f-d04e-456a-8ba0-1ad6df7f51e1,OK-403,مكيف سبليت,,,عوقد,,,,,,,,,,
OK-403-AC-02,5241128f-d04e-456a-8ba0-1ad6df7f51e1,OK-403,مكيف سبليت,,,عوقد,,,,,,,,,,
OK-403-AC-03,5241128f-d04e-456a-8ba0-1ad6df7f51e1,OK-403,مكيف سبليت,,,عوقد,,,,,,,,,,
OK-403-WM-01,5241128f-d04e-456a-8ba0-1ad6df7f51e1,OK-403,غسالة,,,عوقد,,,,,,,,,,
OK-403-RF-01,5241128f-d04e-456a-8ba0-1ad6df7f51e1,OK-403,ثلاجة,,,عوقد,,,,,,,,,,
OK-404-AC-01,5241128f-d04e-456a-8ba0-1ad6df7f51e1,OK-404,مكيف سبليت,,,عوقد,,,,,,,,,,
OK-404-AC-02,5241128f-d04e-456a-8ba0-1ad6df7f51e1,OK-404,مكيف سبليت,,,عوقد,,,,,,,,,,
OK-404-AC-03,5241128f-d04e-456a-8ba0-1ad6df7f51e1,OK-404,مكيف سبليت,,,عوقد,,,,,,,,,,
OK-404-WM-01,5241128f-d04e-456a-8ba0-1ad6df7f51e1,OK-404,غسالة,,,عوقد,,,,,,,,,,
OK-404-RF-01,5241128f-d04e-456a-8ba0-1ad6df7f51e1,OK-404,ثلاجة,,,عوقد,,,,,,,,,,
OK-405-AC-01,5241128f-d04e-456a-8ba0-1ad6df7f51e1,OK-405,مكيف سبليت,,,عوقد,,,,,,,,,,
OK-405-AC-02,5241128f-d04e-456a-8ba0-1ad6df7f51e1,OK-405,مكيف سبليت,,,عوقد,,,,,,,,,,
OK-405-AC-03,5241128f-d04e-456a-8ba0-1ad6df7f51e1,OK-405,مكيف سبليت,,,عوقد,,,,,,,,,,
OK-405-WM-01,5241128f-d04e-456a-8ba0-1ad6df7f51e1,OK-405,غسالة,,,عوقد,,,,,,,,,,
OK-405-RF-01,5241128f-d04e-456a-8ba0-1ad6df7f51e1,OK-405,ثلاجة,,,عوقد,,,,,,,,,,
OK-501-AC-01,5241128f-d04e-456a-8ba0-1ad6df7f51e1,OK-501,مكيف سبليت,,,عوقد,,,,,,,,,,
OK-501-AC-02,5241128f-d04e-456a-8ba0-1ad6df7f51e1,OK-501,مكيف سبليت,,,عوقد,,,,,,,,,,
OK-501-WM-01,5241128f-d04e-456a-8ba0-1ad6df7f51e1,OK-501,غسالة,,,عوقد,,,,,,,,,,
OK-501-RF-01,5241128f-d04e-456a-8ba0-1ad6df7f51e1,OK-501,ثلاجة,,,عوقد,,,,,,,,,,
OK-502-AC-01,5241128f-d04e-456a-8ba0-1ad6df7f51e1,OK-502,مكيف سبليت,,,عوقد,,,,,,,,,,
OK-502-AC-02,5241128f-d04e-456a-8ba0-1ad6df7f51e1,OK-502,مكيف سبليت,,,عوقد,,,,,,,,,,
OK-502-AC-03,5241128f-d04e-456a-8ba0-1ad6df7f51e1,OK-502,مكيف سبليت,,,عوقد,,,,,,,,,,
OK-502-WM-01,5241128f-d04e-456a-8ba0-1ad6df7f51e1,OK-502,غسالة,,,عوقد,,,,,,,,,,
OK-502-RF-01,5241128f-d04e-456a-8ba0-1ad6df7f51e1,OK-502,ثلاجة,,,عوقد,,,,,,,,,,
OK-503-AC-01,5241128f-d04e-456a-8ba0-1ad6df7f51e1,OK-503,مكيف سبليت,,,عوقد,,,,,,,,,,
OK-503-AC-02,5241128f-d04e-456a-8ba0-1ad6df7f51e1,OK-503,مكيف سبليت,,,عوقد,,,,,,,,,,
OK-503-AC-03,5241128f-d04e-456a-8ba0-1ad6df7f51e1,OK-503,مكيف سبليت,,,عوقد,,,,,,,,,,
OK-503-WM-01,5241128f-d04e-456a-8ba0-1ad6df7f51e1,OK-503,غسالة,,,عوقد,,,,,,,,,,
OK-503-RF-01,5241128f-d04e-456a-8ba0-1ad6df7f51e1,OK-503,ثلاجة,,,عوقد,,,,,,,,,,
OK-504-AC-01,5241128f-d04e-456a-8ba0-1ad6df7f51e1,OK-504,مكيف سبليت,,,عوقد,,,,,,,,,,
OK-504-AC-02,5241128f-d04e-456a-8ba0-1ad6df7f51e1,OK-504,مكيف سبليت,,,عوقد,,,,,,,,,,
OK-504-AC-03,5241128f-d04e-456a-8ba0-1ad6df7f51e1,OK-504,مكيف سبليت,,,عوقد,,,,,,,,,,
OK-504-WM-01,5241128f-d04e-456a-8ba0-1ad6df7f51e1,OK-504,غسالة,,,عوقد,,,,,,,,,,
OK-504-RF-01,5241128f-d04e-456a-8ba0-1ad6df7f51e1,OK-504,ثلاجة,,,عوقد,,,,,,,,,,
OK-505-AC-01,5241128f-d04e-456a-8ba0-1ad6df7f51e1,OK-505,مكيف سبليت,,,عوقد,,,,,,,,,,
OK-505-AC-02,5241128f-d04e-456a-8ba0-1ad6df7f51e1,OK-505,مكيف سبليت,,,عوقد,,,,,,,,,,
OK-505-AC-03,5241128f-d04e-456a-8ba0-1ad6df7f51e1,OK-505,مكيف سبليت,,,عوقد,,,,,,,,,,
OK-505-WM-01,5241128f-d04e-456a-8ba0-1ad6df7f51e1,OK-505,غسالة,,,عوقد,,,,,,,,,,
OK-505-RF-01,5241128f-d04e-456a-8ba0-1ad6df7f51e1,OK-505,ثلاجة,,,عوقد,,,,,,,,,,
OK-M01-AC-01,5241128f-d04e-456a-8ba0-1ad6df7f51e1,OK-M01,مكيف سبليت,,,عوقد,,,,,,,,,,
OK-M01-AC-02,5241128f-d04e-456a-8ba0-1ad6df7f51e1,OK-M01,مكيف سبليت,,,عوقد,,,,,,,,,,
OK-M01-WM-01,5241128f-d04e-456a-8ba0-1ad6df7f51e1,OK-M01,غسالة,,,عوقد,,,,,,,,,,
OK-M01-RF-01,5241128f-d04e-456a-8ba0-1ad6df7f51e1,OK-M01,ثلاجة,,,عوقد,,,,,,,,,,
OK-M02-AC-01,5241128f-d04e-456a-8ba0-1ad6df7f51e1,OK-M02,مكيف سبليت,,,عوقد,,,,,,,,,,
OK-M02-AC-02,5241128f-d04e-456a-8ba0-1ad6df7f51e1,OK-M02,مكيف سبليت,,,عوقد,,,,,,,,,,
OK-M02-AC-03,5241128f-d04e-456a-8ba0-1ad6df7f51e1,OK-M02,مكيف سبليت,,,عوقد,,,,,,,,,,
OK-M02-WM-01,5241128f-d04e-456a-8ba0-1ad6df7f51e1,OK-M02,غسالة,,,عوقد,,,,,,,,,,
OK-M02-RF-01,5241128f-d04e-456a-8ba0-1ad6df7f51e1,OK-M02,ثلاجة,,,عوقد,,,,,,,,,,
OK-M03-AC-01,5241128f-d04e-456a-8ba0-1ad6df7f51e1,OK-M03,مكيف سبليت,,,عوقد,,,,,,,,,,
OK-M03-AC-02,5241128f-d04e-456a-8ba0-1ad6df7f51e1,OK-M03,مكيف سبليت,,,عوقد,,,,,,,,,,
OK-M03-AC-03,5241128f-d04e-456a-8ba0-1ad6df7f51e1,OK-M03,مكيف سبليت,,,عوقد,,,,,,,,,,
OK-M03-WM-01,5241128f-d04e-456a-8ba0-1ad6df7f51e1,OK-M03,غسالة,,,عوقد,,,,,,,,,,
OK-M03-RF-01,5241128f-d04e-456a-8ba0-1ad6df7f51e1,OK-M03,ثلاجة,,,عوقد,,,,,,,,,,
OK-M04-AC-01,5241128f-d04e-456a-8ba0-1ad6df7f51e1,OK-M04,مكيف سبليت,,,عوقد,,,,,,,,,,
OK-M04-AC-02,5241128f-d04e-456a-8ba0-1ad6df7f51e1,OK-M04,مكيف سبليت,,,عوقد,,,,,,,,,,
OK-M04-AC-03,5241128f-d04e-456a-8ba0-1ad6df7f51e1,OK-M04,مكيف سبليت,,,عوقد,,,,,,,,,,
OK-M04-WM-01,5241128f-d04e-456a-8ba0-1ad6df7f51e1,OK-M04,غسالة,,,عوقد,,,,,,,,,,
OK-M04-RF-01,5241128f-d04e-456a-8ba0-1ad6df7f51e1,OK-M04,ثلاجة,,,عوقد,,,,,,,,,,
OK-M05-AC-01,5241128f-d04e-456a-8ba0-1ad6df7f51e1,OK-M05,مكيف سبليت,,,عوقد,,,,,,,,,,
OK-M05-AC-02,5241128f-d04e-456a-8ba0-1ad6df7f51e1,OK-M05,مكيف سبليت,,,عوقد,,,,,,,,,,
OK-M05-AC-03,5241128f-d04e-456a-8ba0-1ad6df7f51e1,OK-M05,مكيف سبليت,,,عوقد,,,,,,,,,,
OK-M05-WM-01,5241128f-d04e-456a-8ba0-1ad6df7f51e1,OK-M05,غسالة,,,عوقد,,,,,,,,,,
OK-M05-RF-01,5241128f-d04e-456a-8ba0-1ad6df7f51e1,OK-M05,ثلاجة,,,عوقد,,,,,,,,,,
OKB-101-AC-01,7aa22d16-1829-48a0-84ab-1ad7911514ea,OKB-101,مكيف سبليت,,,عوقد مربع ب,,,,,,,,,,
OKB-101-AC-02,7aa22d16-1829-48a0-84ab-1ad7911514ea,OKB-101,مكيف سبليت,,,عوقد مربع ب,,,,,,,,,,
OKB-101-AC-03,7aa22d16-1829-48a0-84ab-1ad7911514ea,OKB-101,مكيف سبليت,,,عوقد مربع ب,,,,,,,,,,
OKB-101-AC-04,7aa22d16-1829-48a0-84ab-1ad7911514ea,OKB-101,مكيف سبليت,,,عوقد مربع ب,,,,,,,,,,
OKB-101-AC-05,7aa22d16-1829-48a0-84ab-1ad7911514ea,OKB-101,مكيف سبليت,,,عوقد مربع ب,,,,,,,,,,
OKB-101-AC-06,7aa22d16-1829-48a0-84ab-1ad7911514ea,OKB-101,مكيف سبليت,,,عوقد مربع ب,,,,,,,,,,
OKB-101-AC-07,7aa22d16-1829-48a0-84ab-1ad7911514ea,OKB-101,مكيف سبليت,,,عوقد مربع ب,,,,,,,,,,
OKB-101-WM-01,7aa22d16-1829-48a0-84ab-1ad7911514ea,OKB-101,غسالة,,,عوقد مربع ب,,,,,,,,,,
OKB-101-RF-01,7aa22d16-1829-48a0-84ab-1ad7911514ea,OKB-101,ثلاجة,,,عوقد مربع ب,,,,,,,,,,
OKB-102-AC-01,7aa22d16-1829-48a0-84ab-1ad7911514ea,OKB-102,مكيف سبليت,,,عوقد مربع ب,,,,,,,,,,
OKB-102-AC-02,7aa22d16-1829-48a0-84ab-1ad7911514ea,OKB-102,مكيف سبليت,,,عوقد مربع ب,,,,,,,,,,
OKB-102-AC-03,7aa22d16-1829-48a0-84ab-1ad7911514ea,OKB-102,مكيف سبليت,,,عوقد مربع ب,,,,,,,,,,
OKB-102-AC-04,7aa22d16-1829-48a0-84ab-1ad7911514ea,OKB-102,مكيف سبليت,,,عوقد مربع ب,,,,,,,,,,
OKB-102-WM-01,7aa22d16-1829-48a0-84ab-1ad7911514ea,OKB-102,غسالة,,,عوقد مربع ب,,,,,,,,,,
OKB-102-RF-01,7aa22d16-1829-48a0-84ab-1ad7911514ea,OKB-102,ثلاجة,,,عوقد مربع ب,,,,,,,,,,
OKB-103-AC-01,7aa22d16-1829-48a0-84ab-1ad7911514ea,OKB-103,مكيف سبليت,,,عوقد مربع ب,,,,,,,,,,
OKB-103-AC-02,7aa22d16-1829-48a0-84ab-1ad7911514ea,OKB-103,مكيف سبليت,,,عوقد مربع ب,,,,,,,,,,
OKB-103-AC-03,7aa22d16-1829-48a0-84ab-1ad7911514ea,OKB-103,مكيف سبليت,,,عوقد مربع ب,,,,,,,,,,
OKB-103-AC-04,7aa22d16-1829-48a0-84ab-1ad7911514ea,OKB-103,مكيف سبليت,,,عوقد مربع ب,,,,,,,,,,
OKB-103-WM-01,7aa22d16-1829-48a0-84ab-1ad7911514ea,OKB-103,غسالة,,,عوقد مربع ب,,,,,,,,,,
OKB-103-RF-01,7aa22d16-1829-48a0-84ab-1ad7911514ea,OKB-103,ثلاجة,,,عوقد مربع ب,,,,,,,,,,