building_id,netsuite_id,unit_name,Location,unit_type
1c54f2e1-78c9-4552-8125-5da8fca6ff1a,6841,WD-404,الادارة العامة نسائم صلالة : بناية الوادي - 20,TWO_BEDROOM
1c54f2e1-78c9-4552-8125-5da8fca6ff1a,6864,WD-403,الادارة العامة نسائم صلالة : بناية الوادي - 20,STUDIO
1c54f2e1-78c9-4552-8125-5da8fca6ff1a,6863,WD-402,الادارة العامة نسائم صلالة : بناية الوادي - 20,TWO_BEDROOM
1c54f2e1-78c9-4552-8125-5da8fca6ff1a,6862,WD-401,الادارة العامة نسائم صلالة : بناية الوادي - 20,TWO_BEDROOM
1c54f2e1-78c9-4552-8125-5da8fca6ff1a,6858,WD-304,الادارة العامة نسائم صلالة : بناية الوادي - 20,TWO_BEDROOM
1c54f2e1-78c9-4552-8125-5da8fca6ff1a,6857,WD-303,الادارة العامة نسائم صلالة : بناية الوادي - 20,TWO_BEDROOM
1c54f2e1-78c9-4552-8125-5da8fca6ff1a,6847,WD-302,الادارة العامة نسائم صلالة : بناية الوادي - 20,TWO_BEDROOM
1c54f2e1-78c9-4552-8125-5da8fca6ff1a,6855,WD-301,الادارة العامة نسائم صلالة : بناية الوادي - 20,TWO_BEDROOM
1c54f2e1-78c9-4552-8125-5da8fca6ff1a,6856,WD-204,الادارة العامة نسائم صلالة : بناية الوادي - 20,TWO_BEDROOM
1c54f2e1-78c9-4552-8125-5da8fca6ff1a,6826,WD-203,الادارة العامة نسائم صلالة : بناية الوادي - 20,TWO_BEDROOM
1c54f2e1-78c9-4552-8125-5da8fca6ff1a,6872,WD-202,الادارة العامة نسائم صلالة : بناية الوادي - 20,TWO_BEDROOM
1c54f2e1-78c9-4552-8125-5da8fca6ff1a,6859,WD-201,الادارة العامة نسائم صلالة : بناية الوادي - 20,TWO_BEDROOM
1c54f2e1-78c9-4552-8125-5da8fca6ff1a,6860,WD-104,الادارة العامة نسائم صلالة : بناية الوادي - 20,TWO_BEDROOM
1c54f2e1-78c9-4552-8125-5da8fca6ff1a,6839,WD-103,الادارة العامة نسائم صلالة : بناية الوادي - 20,TWO_BEDROOM
1c54f2e1-78c9-4552-8125-5da8fca6ff1a,6838,WD-102,الادارة العامة نسائم صلالة : بناية الوادي - 20,TWO_BEDROOM
1c54f2e1-78c9-4552-8125-5da8fca6ff1a,6846,WD-101,الادارة العامة نسائم صلالة : بناية الوادي - 20,TWO_BEDROOM
1c54f2e1-78c9-4552-8125-5da8fca6ff1a,6845,WD-04,الادارة العامة نسائم صلالة : بناية الوادي - 20,TWO_BEDROOM
1c54f2e1-78c9-4552-8125-5da8fca6ff1a,6844,WD-03,الادارة العامة نسائم صلالة : بناية الوادي - 20,TWO_BEDROOM
1c54f2e1-78c9-4552-8125-5da8fca6ff1a,6869,WD-02,الادارة العامة نسائم صلالة : بناية الوادي - 20,TWO_BEDROOM
1c54f2e1-78c9-4552-8125-5da8fca6ff1a,6843,WD-01,الادارة العامة نسائم صلالة : بناية الوادي - 20,STUDIO
f8d09a23-c8f6-4541-92d7-91a9471000a3,6831,SN-304,الادارة العامة نسائم صلالة : بنايات السعادة : السعادة-نستو-35,TWO_BEDROOM
f8d09a23-c8f6-4541-92d7-91a9471000a3,6830,SN-303,الادارة العامة نسائم صلالة : بنايات السعادة : السعادة-نستو-35,TWO_BEDROOM
f8d09a23-c8f6-4541-92d7-91a9471000a3,6837,SN-302,الادارة العامة نسائم صلالة : بنايات السعادة : السعادة-نستو-35,TWO_BEDROOM
f8d09a23-c8f6-4541-92d7-91a9471000a3,6889,SN-301,الادارة العامة نسائم صلالة : بنايات السعادة : السعادة-نستو-35,STUDIO
f8d09a23-c8f6-4541-92d7-91a9471000a3,6904,SN-204,الادارة العامة نسائم صلالة : بنايات السعادة : السعادة-نستو-35,TWO_BEDROOM
f8d09a23-c8f6-4541-92d7-91a9471000a3,6903,SN-203,الادارة العامة نسائم صلالة : بنايات السعادة : السعادة-نستو-35,TWO_BEDROOM
f8d09a23-c8f6-4541-92d7-91a9471000a3,6937,SN-202,الادارة العامة نسائم صلالة : بنايات السعادة : السعادة-نستو-35,TWO_BEDROOM
f8d09a23-c8f6-4541-92d7-91a9471000a3,6936,SN-201,الادارة العامة نسائم صلالة : بنايات السعادة : السعادة-نستو-35,STUDIO
f8d09a23-c8f6-4541-92d7-91a9471000a3,6861,SN-106,الادارة العامة نسائم صلالة : بنايات السعادة : السعادة-نستو-35,STUDIO
f8d09a23-c8f6-4541-92d7-91a9471000a3,6935,SN-105,الادارة العامة نسائم صلالة : بنايات السعادة : السعادة-نستو-35,STUDIO
f8d09a23-c8f6-4541-92d7-91a9471000a3,6913,SN-104,الادارة العامة نسائم صلالة : بنايات السعادة : السعادة-نستو-35,ONE_BEDROOM
f8d09a23-c8f6-4541-92d7-91a9471000a3,6923,SN-103,الادارة العامة نسائم صلالة : بنايات السعادة : السعادة-نستو-35,ONE_BEDROOM
f8d09a23-c8f6-4541-92d7-91a9471000a3,6836,SN-102,الادارة العامة نسائم صلالة : بنايات السعادة : السعادة-نستو-35,ONE_BEDROOM
f8d09a23-c8f6-4541-92d7-91a9471000a3,6827,SN-101,الادارة العامة نسائم صلالة : بنايات السعادة : السعادة-نستو-35,TWO_BEDROOM
1c6d9e57-89fc-4121-af9e-03dafd483b60,6948,SAD-G02,الادارة العامة نسائم صلالة : بنايات السعادة : السعادة-25,ONE_BEDROOM
1c6d9e57-89fc-4121-af9e-03dafd483b60,6873,SAD-G01,الادارة العامة نسائم صلالة : بنايات السعادة : السعادة-25,TWO_BEDROOM
1c6d9e57-89fc-4121-af9e-03dafd483b60,6914,SAD-606,الادارة العامة نسائم صلالة : بنايات السعادة : السعادة-25,ONE_BEDROOM
1c6d9e57-89fc-4121-af9e-03dafd483b60,6910,SAD-605,الادارة العامة نسائم صلالة : بنايات السعادة : السعادة-25,ONE_BEDROOM
1c6d9e57-89fc-4121-af9e-03dafd483b60,6917,SAD-604,الادارة العامة نسائم صلالة : بنايات السعادة : السعادة-25,STUDIO
1c6d9e57-89fc-4121-af9e-03dafd483b60,6934,SAD-603,الادارة العامة نسائم صلالة : بنايات السعادة : السعادة-25,TWO_BEDROOM
1c6d9e57-89fc-4121-af9e-03dafd483b60,6950,SAD-602,الادارة العامة نسائم صلالة : بنايات السعادة : السعادة-25,TWO_BEDROOM
1c6d9e57-89fc-4121-af9e-03dafd483b60,6949,SAD-601,الادارة العامة نسائم صلالة : بنايات السعادة : السعادة-25,TWO_BEDROOM
1c6d9e57-89fc-4121-af9e-03dafd483b60,6898,SAD-506,الادارة العامة نسائم صلالة : بنايات السعادة : السعادة-25,THREE_BEDROOM
1c6d9e57-89fc-4121-af9e-03dafd483b60,6897,SAD-505,الادارة العامة نسائم صلالة : بنايات السعادة : السعادة-25,TWO_BEDROOM
1c6d9e57-89fc-4121-af9e-03dafd483b60,6896,SAD-504,الادارة العامة نسائم صلالة : بنايات السعادة : السعادة-25,TWO_BEDROOM
1c6d9e57-89fc-4121-af9e-03dafd483b60,6895,SAD-503,الادارة العامة نسائم صلالة : بنايات السعادة : السعادة-25,STUDIO
1c6d9e57-89fc-4121-af9e-03dafd483b60,6947,SAD-502,الادارة العامة نسائم صلالة : بنايات السعادة : السعادة-25,TWO_BEDROOM
1c6d9e57-89fc-4121-af9e-03dafd483b60,6894,SAD-501,الادارة العامة نسائم صلالة : بنايات السعادة : السعادة-25,TWO_BEDROOM
1c6d9e57-89fc-4121-af9e-03dafd483b60,6922,SAD-406,الادارة العامة نسائم صلالة : بنايات السعادة : السعادة-25,THREE_BEDROOM
1c6d9e57-89fc-4121-af9e-03dafd483b60,6893,SAD-405,الادارة العامة نسائم صلالة : بنايات السعادة : السعادة-25,TWO_BEDROOM
1c6d9e57-89fc-4121-af9e-03dafd483b60,6892,SAD-404,الادارة العامة نسائم صلالة : بنايات السعادة : السعادة-25,STUDIO
1c6d9e57-89fc-4121-af9e-03dafd483b60,6891,SAD-403,الادارة العامة نسائم صلالة : بنايات السعادة : السعادة-25,TWO_BEDROOM
1c6d9e57-89fc-4121-af9e-03dafd483b60,6881,SAD-402,الادارة العامة نسائم صلالة : بنايات السعادة : السعادة-25,TWO_BEDROOM
1c6d9e57-89fc-4121-af9e-03dafd483b60,6907,SAD-401,الادارة العامة نسائم صلالة : بنايات السعادة : السعادة-25,TWO_BEDROOM
1c6d9e57-89fc-4121-af9e-03dafd483b60,6919,SAD-306,الادارة العامة نسائم صلالة : بنايات السعادة : السعادة-25,THREE_BEDROOM
1c6d9e57-89fc-4121-af9e-03dafd483b60,6918,SAD-305,الادارة العامة نسائم صلالة : بنايات السعادة : السعادة-25,TWO_BEDROOM
1c6d9e57-89fc-4121-af9e-03dafd483b60,6933,SAD-304,الادارة العامة نسائم صلالة : بنايات السعادة : السعادة-25,STUDIO
1c6d9e57-89fc-4121-af9e-03dafd483b60,6932,SAD-303,الادارة العامة نسائم صلالة : بنايات السعادة : السعادة-25,TWO_BEDROOM
1c6d9e57-89fc-4121-af9e-03dafd483b60,6931,SAD-302,الادارة العامة نسائم صلالة : بنايات السعادة : السعادة-25,TWO_BEDROOM
1c6d9e57-89fc-4121-af9e-03dafd483b60,6906,SAD-301,الادارة العامة نسائم صلالة : بنايات السعادة : السعادة-25,TWO_BEDROOM
1c6d9e57-89fc-4121-af9e-03dafd483b60,6912,SAD-206,الادارة العامة نسائم صلالة : بنايات السعادة : السعادة-25,TWO_BEDROOM
1c6d9e57-89fc-4121-af9e-03dafd483b60,6905,SAD-205,الادارة العامة نسائم صلالة : بنايات السعادة : السعادة-25,TWO_BEDROOM
1c6d9e57-89fc-4121-af9e-03dafd483b60,6946,SAD-204,الادارة العامة نسائم صلالة : بنايات السعادة : السعادة-25,STUDIO
1c6d9e57-89fc-4121-af9e-03dafd483b60,6942,SAD-203,الادارة العامة نسائم صلالة : بنايات السعادة : السعادة-25,TWO_BEDROOM
1c6d9e57-89fc-4121-af9e-03dafd483b60,6875,SAD-202,الادارة العامة نسائم صلالة : بنايات السعادة : السعادة-25,TWO_BEDROOM
1c6d9e57-89fc-4121-af9e-03dafd483b60,6902,SAD-201,الادارة العامة نسائم صلالة : بنايات السعادة : السعادة-25,TWO_BEDROOM
1c6d9e57-89fc-4121-af9e-03dafd483b60,6901,SAD-106,الادارة العامة نسائم صلالة : بنايات السعادة : السعادة-25,TWO_BEDROOM
1c6d9e57-89fc-4121-af9e-03dafd483b60,6945,SAD-105,الادارة العامة نسائم صلالة : بنايات السعادة : السعادة-25,TWO_BEDROOM
1c6d9e57-89fc-4121-af9e-03dafd483b60,6938,SAD-104,الادارة العامة نسائم صلالة : بنايات السعادة : السعادة-25,STUDIO
1c6d9e57-89fc-4121-af9e-03dafd483b60,6890,SAD-103,الادارة العامة نسائم صلالة : بنايات السعادة : السعادة-25,ONE_BEDROOM
1c6d9e57-89fc-4121-af9e-03dafd483b60,6900,SAD-102,الادارة العامة نسائم صلالة : بنايات السعادة : السعادة-25,TWO_BEDROOM
1c6d9e57-89fc-4121-af9e-03dafd483b60,6886,SAD-101,الادارة العامة نسائم صلالة : بنايات السعادة : السعادة-25,TWO_BEDROOM
9e1babbf-7d50-449d-a9db-626969164ea2,6820,SA-406,الادارة العامة نسائم صلالة : بنايات صلالة الوسطى و القوف : 15-صلالة الوسطى,TWO_BEDROOM
9e1babbf-7d50-449d-a9db-626969164ea2,6819,SA-405,الادارة العامة نسائم صلالة : بنايات صلالة الوسطى و القوف : 15-صلالة الوسطى,TWO_BEDROOM
9e1babbf-7d50-449d-a9db-626969164ea2,6788,SA-404,الادارة العامة نسائم صلالة : بنايات صلالة الوسطى و القوف : 15-صلالة الوسطى,STUDIO
9e1babbf-7d50-449d-a9db-626969164ea2,6787,SA-403,الادارة العامة نسائم صلالة : بنايات صلالة الوسطى و القوف : 15-صلالة الوسطى,TWO_BEDROOM
9e1babbf-7d50-449d-a9db-626969164ea2,6818,SA-402,الادارة العامة نسائم صلالة : بنايات صلالة الوسطى و القوف : 15-صلالة الوسطى,TWO_BEDROOM
9e1babbf-7d50-449d-a9db-626969164ea2,6786,SA-401,الادارة العامة نسائم صلالة : بنايات صلالة الوسطى و القوف : 15-صلالة الوسطى,STUDIO
9e1babbf-7d50-449d-a9db-626969164ea2,6785,SA-306,الادارة العامة نسائم صلالة : بنايات صلالة الوسطى و القوف : 15-صلالة الوسطى,TWO_BEDROOM
9e1babbf-7d50-449d-a9db-626969164ea2,6784,SA-305,الادارة العامة نسائم صلالة : بنايات صلالة الوسطى و القوف : 15-صلالة الوسطى,TWO_BEDROOM
9e1babbf-7d50-449d-a9db-626969164ea2,6783,SA-304,الادارة العامة نسائم صلالة : بنايات صلالة الوسطى و القوف : 15-صلالة الوسطى,STUDIO
9e1babbf-7d50-449d-a9db-626969164ea2,6817,SA-303,الادارة العامة نسائم صلالة : بنايات صلالة الوسطى و القوف : 15-صلالة الوسطى,TWO_BEDROOM
9e1babbf-7d50-449d-a9db-626969164ea2,6816,SA-302,الادارة العامة نسائم صلالة : بنايات صلالة الوسطى و القوف : 15-صلالة الوسطى,TWO_BEDROOM
9e1babbf-7d50-449d-a9db-626969164ea2,6782,SA-301,الادارة العامة نسائم صلالة : بنايات صلالة الوسطى و القوف : 15-صلالة الوسطى,STUDIO
9e1babbf-7d50-449d-a9db-626969164ea2,6815,SA-206,الادارة العامة نسائم صلالة : بنايات صلالة الوسطى و القوف : 15-صلالة الوسطى,TWO_BEDROOM
9e1babbf-7d50-449d-a9db-626969164ea2,6814,SA-205,الادارة العامة نسائم صلالة : بنايات صلالة الوسطى و القوف : 15-صلالة الوسطى,TWO_BEDROOM
9e1babbf-7d50-449d-a9db-626969164ea2,6781,SA-204,الادارة العامة نسائم صلالة : بنايات صلالة الوسطى و القوف : 15-صلالة الوسطى,STUDIO
9e1babbf-7d50-449d-a9db-626969164ea2,6813,SA-203,الادارة العامة نسائم صلالة : بنايات صلالة الوسطى و القوف : 15-صلالة الوسطى,TWO_BEDROOM
9e1babbf-7d50-449d-a9db-626969164ea2,6812,SA-202,الادارة العامة نسائم صلالة : بنايات صلالة الوسطى و القوف : 15-صلالة الوسطى,TWO_BEDROOM
9e1babbf-7d50-449d-a9db-626969164ea2,6811,SA-201,الادارة العامة نسائم صلالة : بنايات صلالة الوسطى و القوف : 15-صلالة الوسطى,STUDIO
9e1babbf-7d50-449d-a9db-626969164ea2,6789,SA-2,الادارة العامة نسائم صلالة : بنايات صلالة الوسطى و القوف : 15-صلالة الوسطى,STUDIO
9e1babbf-7d50-449d-a9db-626969164ea2,6780,SA-106,الادارة العامة نسائم صلالة : بنايات صلالة الوسطى و القوف : 15-صلالة الوسطى,TWO_BEDROOM
9e1babbf-7d50-449d-a9db-626969164ea2,6810,SA-105,الادارة العامة نسائم صلالة : بنايات صلالة الوسطى و القوف : 15-صلالة الوسطى,STUDIO
9e1babbf-7d50-449d-a9db-626969164ea2,6779,SA-104,الادارة العامة نسائم صلالة : بنايات صلالة الوسطى و القوف : 15-صلالة الوسطى,STUDIO
9e1babbf-7d50-449d-a9db-626969164ea2,6778,SA-103,الادارة العامة نسائم صلالة : بنايات صلالة الوسطى و القوف : 15-صلالة الوسطى,STUDIO
9e1babbf-7d50-449d-a9db-626969164ea2,6809,SA-102,الادارة العامة نسائم صلالة : بنايات صلالة الوسطى و القوف : 15-صلالة الوسطى,STUDIO
9e1babbf-7d50-449d-a9db-626969164ea2,6777,SA-101,الادارة العامة نسائم صلالة : بنايات صلالة الوسطى و القوف : 15-صلالة الوسطى,STUDIO
7aa22d16-1829-48a0-84ab-1ad7911514ea,6833,OKB-103,الادارة العامة نسائم صلالة : بنايات عوقد : عوقد-مربع-ب-30,THREE_BEDROOM
7aa22d16-1829-48a0-84ab-1ad7911514ea,6874,OKB-102,الادارة العامة نسائم صلالة : بنايات عوقد : عوقد-مربع-ب-30,THREE_BEDROOM
7aa22d16-1829-48a0-84ab-1ad7911514ea,6832,OKB-101,الادارة العامة نسائم صلالة : بنايات عوقد : عوقد-مربع-ب-30,VILLA
5241128f-d04e-456a-8ba0-1ad6df7f51e1,6794,OK-M05,الادارة العامة نسائم صلالة : بنايات عوقد : عوقد-5,TWO_BEDROOM
5241128f-d04e-456a-8ba0-1ad6df7f51e1,6793,OK-M04,الادارة العامة نسائم صلالة : بنايات عوقد : عوقد-5,TWO_BEDROOM
5241128f-d04e-456a-8ba0-1ad6df7f51e1,6765,OK-M03,الادارة العامة نسائم صلالة : بنايات عوقد : عوقد-5,TWO_BEDROOM
5241128f-d04e-456a-8ba0-1ad6df7f51e1,6750,OK-M02,الادارة العامة نسائم صلالة : بنايات عوقد : عوقد-5,TWO_BEDROOM
5241128f-d04e-456a-8ba0-1ad6df7f51e1,6752,OK-M01,الادارة العامة نسائم صلالة : بنايات عوقد : عوقد-5,STUDIO
5241128f-d04e-456a-8ba0-1ad6df7f51e1,6776,OK-505,الادارة العامة نسائم صلالة : بنايات عوقد : عوقد-5,TWO_BEDROOM
5241128f-d04e-456a-8ba0-1ad6df7f51e1,6808,OK-504,الادارة العامة نسائم صلالة : بنايات عوقد : عوقد-5,TWO_BEDROOM
5241128f-d04e-456a-8ba0-1ad6df7f51e1,6775,OK-503,الادارة العامة نسائم صلالة : بنايات عوقد : عوقد-5,TWO_BEDROOM
5241128f-d04e-456a-8ba0-1ad6df7f51e1,6774,OK-502,الادارة العامة نسائم صلالة : بنايات عوقد : عوقد-5,TWO_BEDROOM
5241128f-d04e-456a-8ba0-1ad6df7f51e1,6807,OK-501,الادارة العامة نسائم صلالة : بنايات عوقد : عوقد-5,STUDIO
5241128f-d04e-456a-8ba0-1ad6df7f51e1,6806,OK-405,الادارة العامة نسائم صلالة : بنايات عوقد : عوقد-5,TWO_BEDROOM
5241128f-d04e-456a-8ba0-1ad6df7f51e1,6805,OK-404,الادارة العامة نسائم صلالة : بنايات عوقد : عوقد-5,TWO_BEDROOM
5241128f-d04e-456a-8ba0-1ad6df7f51e1,6773,OK-403,الادارة العامة نسائم صلالة : بنايات عوقد : عوقد-5,TWO_BEDROOM
5241128f-d04e-456a-8ba0-1ad6df7f51e1,6772,OK-402,الادارة العامة نسائم صلالة : بنايات عوقد : عوقد-5,TWO_BEDROOM
5241128f-d04e-456a-8ba0-1ad6df7f51e1,6804,OK-401,الادارة العامة نسائم صلالة : بنايات عوقد : عوقد-5,STUDIO
5241128f-d04e-456a-8ba0-1ad6df7f51e1,6803,OK-305,الادارة العامة نسائم صلالة : بنايات عوقد : عوقد-5,TWO_BEDROOM
5241128f-d04e-456a-8ba0-1ad6df7f51e1,6802,OK-304,الادارة العامة نسائم صلالة : بنايات عوقد : عوقد-5,TWO_BEDROOM
5241128f-d04e-456a-8ba0-1ad6df7f51e1,6801,OK-303,الادارة العامة نسائم صلالة : بنايات عوقد : عوقد-5,TWO_BEDROOM
5241128f-d04e-456a-8ba0-1ad6df7f51e1,6800,OK-302,الادارة العامة نسائم صلالة : بنايات عوقد : عوقد-5,TWO_BEDROOM
5241128f-d04e-456a-8ba0-1ad6df7f51e1,6799,OK-301,الادارة العامة نسائم صلالة : بنايات عوقد : عوقد-5,STUDIO
5241128f-d04e-456a-8ba0-1ad6df7f51e1,6798,OK-205,الادارة العامة نسائم صلالة : بنايات عوقد : عوقد-5,TWO_BEDROOM
5241128f-d04e-456a-8ba0-1ad6df7f51e1,6797,OK-204,الادارة العامة نسائم صلالة : بنايات عوقد : عوقد-5,TWO_BEDROOM
5241128f-d04e-456a-8ba0-1ad6df7f51e1,6771,OK-203,الادارة العامة نسائم صلالة : بنايات عوقد : عوقد-5,TWO_BEDROOM
5241128f-d04e-456a-8ba0-1ad6df7f51e1,6796,OK-202,الادارة العامة نسائم صلالة : بنايات عوقد : عوقد-5,TWO_BEDROOM
5241128f-d04e-456a-8ba0-1ad6df7f51e1,6795,OK-201,الادارة العامة نسائم صلالة : بنايات عوقد : عوقد-5,STUDIO
5241128f-d04e-456a-8ba0-1ad6df7f51e1,6770,OK-105,الادارة العامة نسائم صلالة : بنايات عوقد : عوقد-5,TWO_BEDROOM
5241128f-d04e-456a-8ba0-1ad6df7f51e1,6769,OK-104,الادارة العامة نسائم صلالة : بنايات عوقد : عوقد-5,TWO_BEDROOM
5241128f-d04e-456a-8ba0-1ad6df7f51e1,6768,OK-103,الادارة العامة نسائم صلالة : بنايات عوقد : عوقد-5,TWO_BEDROOM
5241128f-d04e-456a-8ba0-1ad6df7f51e1,6767,OK-102,الادارة العامة نسائم صلالة : بنايات عوقد : عوقد-5,TWO_BEDROOM
5241128f-d04e-456a-8ba0-1ad6df7f51e1,6766,OK-101,الادارة العامة نسائم صلالة : بنايات عوقد : عوقد-5,STUDIO
a967194c-ba82-46d4-b602-46b4ec973b42,6717,M04,الادارة العامة نسائم صلالة : 10-الحي التجاري,TWO_BEDROOM
a967194c-ba82-46d4-b602-46b4ec973b42,6751,M03,الادارة العامة نسائم صلالة : 10-الحي التجاري,TWO_BEDROOM
a967194c-ba82-46d4-b602-46b4ec973b42,6716,M02,الادارة العامة نسائم صلالة : 10-الحي التجاري,TWO_BEDROOM
a967194c-ba82-46d4-b602-46b4ec973b42,6792,M01,الادارة العامة نسائم صلالة : 10-الحي التجاري,TWO_BEDROOM
73ac3372-31fd-4adc-8da4-f96fc65674ba,9772,HS-528,الادارة العامة نسائم صلالة : الحصيلة-26,TWO_BEDROOM
73ac3372-31fd-4adc-8da4-f96fc65674ba,9771,HS-527,الادارة العامة نسائم صلالة : الحصيلة-26,TWO_BEDROOM
73ac3372-31fd-4adc-8da4-f96fc65674ba,9770,HS-526,الادارة العامة نسائم صلالة : الحصيلة-26,TWO_BEDROOM
73ac3372-31fd-4adc-8da4-f96fc65674ba,9769,HS-525,الادارة العامة نسائم صلالة : الحصيلة-26,TWO_BEDROOM
73ac3372-31fd-4adc-8da4-f96fc65674ba,9768,HS-524,الادارة العامة نسائم صلالة : الحصيلة-26,TWO_BEDROOM
73ac3372-31fd-4adc-8da4-f96fc65674ba,9767,HS-523,الادارة العامة نسائم صلالة : الحصيلة-26,TWO_BEDROOM
73ac3372-31fd-4adc-8da4-f96fc65674ba,9766,HS-522,الادارة العامة نسائم صلالة : الحصيلة-26,TWO_BEDROOM
73ac3372-31fd-4adc-8da4-f96fc65674ba,9765,HS-521,الادارة العامة نسائم صلالة : الحصيلة-26,TWO_BEDROOM
73ac3372-31fd-4adc-8da4-f96fc65674ba,9764,HS-428,الادارة العامة نسائم صلالة : الحصيلة-26,THREE_BEDROOM
73ac3372-31fd-4adc-8da4-f96fc65674ba,9763,HS-427,الادارة العامة نسائم صلالة : الحصيلة-26,THREE_BEDROOM
73ac3372-31fd-4adc-8da4-f96fc65674ba,9762,HS-426,الادارة العامة نسائم صلالة : الحصيلة-26,THREE_BEDROOM
73ac3372-31fd-4adc-8da4-f96fc65674ba,9761,HS-425,الادارة العامة نسائم صلالة : الحصيلة-26,THREE_BEDROOM
73ac3372-31fd-4adc-8da4-f96fc65674ba,9760,HS-424,الادارة العامة نسائم صلالة : الحصيلة-26,THREE_BEDROOM
73ac3372-31fd-4adc-8da4-f96fc65674ba,9759,HS-423,الادارة العامة نسائم صلالة : الحصيلة-26,THREE_BEDROOM
73ac3372-31fd-4adc-8da4-f96fc65674ba,9758,HS-422,الادارة العامة نسائم صلالة : الحصيلة-26,THREE_BEDROOM
73ac3372-31fd-4adc-8da4-f96fc65674ba,9757,HS-421,الادارة العامة نسائم صلالة : الحصيلة-26,THREE_BEDROOM
73ac3372-31fd-4adc-8da4-f96fc65674ba,9756,HS-328,الادارة العامة نسائم صلالة : الحصيلة-26,THREE_BEDROOM
73ac3372-31fd-4adc-8da4-f96fc65674ba,9755,HS-327,الادارة العامة نسائم صلالة : الحصيلة-26,THREE_BEDROOM
73ac3372-31fd-4adc-8da4-f96fc65674ba,9754,HS-326,الادارة العامة نسائم صلالة : الحصيلة-26,THREE_BEDROOM
73ac3372-31fd-4adc-8da4-f96fc65674ba,9753,HS-325,الادارة العامة نسائم صلالة : الحصيلة-26,THREE_BEDROOM
73ac3372-31fd-4adc-8da4-f96fc65674ba,9752,HS-324,الادارة العامة نسائم صلالة : الحصيلة-26,THREE_BEDROOM
73ac3372-31fd-4adc-8da4-f96fc65674ba,9751,HS-323,الادارة العامة نسائم صلالة : الحصيلة-26,THREE_BEDROOM
73ac3372-31fd-4adc-8da4-f96fc65674ba,9750,HS-322,الادارة العامة نسائم صلالة : الحصيلة-26,THREE_BEDROOM
73ac3372-31fd-4adc-8da4-f96fc65674ba,9749,HS-321,الادارة العامة نسائم صلالة : الحصيلة-26,THREE_BEDROOM
73ac3372-31fd-4adc-8da4-f96fc65674ba,9748,HS-228,الادارة العامة نسائم صلالة : الحصيلة-26,TWO_BEDROOM
73ac3372-31fd-4adc-8da4-f96fc65674ba,9747,HS-227,الادارة العامة نسائم صلالة : الحصيلة-26,THREE_BEDROOM
73ac3372-31fd-4adc-8da4-f96fc65674ba,9746,HS-226,الادارة العامة نسائم صلالة : الحصيلة-26,THREE_BEDROOM
73ac3372-31fd-4adc-8da4-f96fc65674ba,9745,HS-225,الادارة العامة نسائم صلالة : الحصيلة-26,THREE_BEDROOM
73ac3372-31fd-4adc-8da4-f96fc65674ba,9744,HS-224,الادارة العامة نسائم صلالة : الحصيلة-26,THREE_BEDROOM
73ac3372-31fd-4adc-8da4-f96fc65674ba,9743,HS-223,الادارة العامة نسائم صلالة : الحصيلة-26,THREE_BEDROOM
73ac3372-31fd-4adc-8da4-f96fc65674ba,9742,HS-222,الادارة العامة نسائم صلالة : الحصيلة-26,THREE_BEDROOM
73ac3372-31fd-4adc-8da4-f96fc65674ba,9741,HS-221,الادارة العامة نسائم صلالة : الحصيلة-26,THREE_BEDROOM
73ac3372-31fd-4adc-8da4-f96fc65674ba,9740,HS-128,الادارة العامة نسائم صلالة : الحصيلة-26,THREE_BEDROOM
73ac3372-31fd-4adc-8da4-f96fc65674ba,9739,HS-127,الادارة العامة نسائم صلالة : الحصيلة-26,THREE_BEDROOM
73ac3372-31fd-4adc-8da4-f96fc65674ba,9738,HS-126,الادارة العامة نسائم صلالة : الحصيلة-26,THREE_BEDROOM
73ac3372-31fd-4adc-8da4-f96fc65674ba,9737,HS-125,الادارة العامة نسائم صلالة : الحصيلة-26,THREE_BEDROOM
73ac3372-31fd-4adc-8da4-f96fc65674ba,9736,HS-124,الادارة العامة نسائم صلالة : الحصيلة-26,TWO_BEDROOM
73ac3372-31fd-4adc-8da4-f96fc65674ba,9735,HS-123,الادارة العامة نسائم صلالة : الحصيلة-26,THREE_BEDROOM
73ac3372-31fd-4adc-8da4-f96fc65674ba,9734,HS-122,الادارة العامة نسائم صلالة : الحصيلة-26,THREE_BEDROOM
73ac3372-31fd-4adc-8da4-f96fc65674ba,9733,HS-121,الادارة العامة نسائم صلالة : الحصيلة-26,THREE_BEDROOM
73ac3372-31fd-4adc-8da4-f96fc65674ba,10529,HS-08,الادارة العامة نسائم صلالة : الحصيلة-26,ONE_BEDROOM
73ac3372-31fd-4adc-8da4-f96fc65674ba,10528,HS-07,الادارة العامة نسائم صلالة : الحصيلة-26,ONE_BEDROOM
73ac3372-31fd-4adc-8da4-f96fc65674ba,10527,HS-06,الادارة العامة نسائم صلالة : الحصيلة-26,ONE_BEDROOM
73ac3372-31fd-4adc-8da4-f96fc65674ba,10526,HS-05,الادارة العامة نسائم صلالة : الحصيلة-26,ONE_BEDROOM
73ac3372-31fd-4adc-8da4-f96fc65674ba,10525,HS-04,الادارة العامة نسائم صلالة : الحصيلة-26,ONE_BEDROOM
73ac3372-31fd-4adc-8da4-f96fc65674ba,10524,HS-03,الادارة العامة نسائم صلالة : الحصيلة-26,ONE_BEDROOM
73ac3372-31fd-4adc-8da4-f96fc65674ba,10258,HS-02,الادارة العامة نسائم صلالة : الحصيلة-26,ONE_BEDROOM
73ac3372-31fd-4adc-8da4-f96fc65674ba,10252,HS-01,الادارة العامة نسائم صلالة : الحصيلة-26,ONE_BEDROOM
a967194c-ba82-46d4-b602-46b4ec973b42,6747,BS-804-B,الادارة العامة نسائم صلالة : 10-الحي التجاري,STUDIO
a967194c-ba82-46d4-b602-46b4ec973b42,6749,BS-804-A,الادارة العامة نسائم صلالة : 10-الحي التجاري,ONE_BEDROOM
a967194c-ba82-46d4-b602-46b4ec973b42,6746,BS-803,الادارة العامة نسائم صلالة : 10-الحي التجاري,TWO_BEDROOM
a967194c-ba82-46d4-b602-46b4ec973b42,6745,BS-802,الادارة العامة نسائم صلالة : 10-الحي التجاري,TWO_BEDROOM
a967194c-ba82-46d4-b602-46b4ec973b42,6744,BS-801-B,الادارة العامة نسائم صلالة : 10-الحي التجاري,STUDIO
a967194c-ba82-46d4-b602-46b4ec973b42,6743,BS-801-A,الادارة العامة نسائم صلالة : 10-الحي التجاري,ONE_BEDROOM
a967194c-ba82-46d4-b602-46b4ec973b42,6742,BS-704-B,الادارة العامة نسائم صلالة : 10-الحي التجاري,STUDIO
a967194c-ba82-46d4-b602-46b4ec973b42,6741,BS-704-A,الادارة العامة نسائم صلالة : 10-الحي التجاري,ONE_BEDROOM
a967194c-ba82-46d4-b602-46b4ec973b42,6740,BS-703,الادارة العامة نسائم صلالة : 10-الحي التجاري,TWO_BEDROOM
a967194c-ba82-46d4-b602-46b4ec973b42,6739,BS-702,الادارة العامة نسائم صلالة : 10-الحي التجاري,TWO_BEDROOM
a967194c-ba82-46d4-b602-46b4ec973b42,6748,BS-701-B,الادارة العامة نسائم صلالة : 10-الحي التجاري,STUDIO
a967194c-ba82-46d4-b602-46b4ec973b42,6738,BS-701-A,الادارة العامة نسائم صلالة : 10-الحي التجاري,ONE_BEDROOM
a967194c-ba82-46d4-b602-46b4ec973b42,6764,BS-604-B,الادارة العامة نسائم صلالة : 10-الحي التجاري,STUDIO
a967194c-ba82-46d4-b602-46b4ec973b42,6763,BS-604-A,الادارة العامة نسائم صلالة : 10-الحي التجاري,ONE_BEDROOM
a967194c-ba82-46d4-b602-46b4ec973b42,6762,BS-603,الادارة العامة نسائم صلالة : 10-الحي التجاري,TWO_BEDROOM
a967194c-ba82-46d4-b602-46b4ec973b42,6761,BS-602,الادارة العامة نسائم صلالة : 10-الحي التجاري,TWO_BEDROOM
a967194c-ba82-46d4-b602-46b4ec973b42,6760,BS-601-B,الادارة العامة نسائم صلالة : 10-الحي التجاري,STUDIO
a967194c-ba82-46d4-b602-46b4ec973b42,6759,BS-601-A,الادارة العامة نسائم صلالة : 10-الحي التجاري,ONE_BEDROOM
a967194c-ba82-46d4-b602-46b4ec973b42,6758,BS-504-B,الادارة العامة نسائم صلالة : 10-الحي التجاري,STUDIO
a967194c-ba82-46d4-b602-46b4ec973b42,6757,BS-504-A,الادارة العامة نسائم صلالة : 10-الحي التجاري,ONE_BEDROOM
a967194c-ba82-46d4-b602-46b4ec973b42,6737,BS-503,الادارة العامة نسائم صلالة : 10-الحي التجاري,TWO_BEDROOM
a967194c-ba82-46d4-b602-46b4ec973b42,6736,BS-502,الادارة العامة نسائم صلالة : 10-الحي التجاري,TWO_BEDROOM
a967194c-ba82-46d4-b602-46b4ec973b42,6735,BS-501-B,الادارة العامة نسائم صلالة : 10-الحي التجاري,STUDIO
a967194c-ba82-46d4-b602-46b4ec973b42,6734,BS-501-A,الادارة العامة نسائم صلالة : 10-الحي التجاري,ONE_BEDROOM
a967194c-ba82-46d4-b602-46b4ec973b42,6733,BS-404-B,الادارة العامة نسائم صلالة : 10-الحي التجاري,STUDIO
a967194c-ba82-46d4-b602-46b4ec973b42,6732,BS-404-A,الادارة العامة نسائم صلالة : 10-الحي التجاري,ONE_BEDROOM
a967194c-ba82-46d4-b602-46b4ec973b42,6756,BS-403,الادارة العامة نسائم صلالة : 10-الحي التجاري,TWO_BEDROOM
a967194c-ba82-46d4-b602-46b4ec973b42,6731,BS-402,الادارة العامة نسائم صلالة : 10-الحي التجاري,TWO_BEDROOM
a967194c-ba82-46d4-b602-46b4ec973b42,6730,BS-401-B,الادارة العامة نسائم صلالة : 10-الحي التجاري,STUDIO
a967194c-ba82-46d4-b602-46b4ec973b42,6729,BS-401-A,الادارة العامة نسائم صلالة : 10-الحي التجاري,ONE_BEDROOM
a967194c-ba82-46d4-b602-46b4ec973b42,6728,BS-304-B,الادارة العامة نسائم صلالة : 10-الحي التجاري,STUDIO
a967194c-ba82-46d4-b602-46b4ec973b42,6727,BS-304-A,الادارة العامة نسائم صلالة : 10-الحي التجاري,ONE_BEDROOM
a967194c-ba82-46d4-b602-46b4ec973b42,6726,BS-303,الادارة العامة نسائم صلالة : 10-الحي التجاري,TWO_BEDROOM
a967194c-ba82-46d4-b602-46b4ec973b42,6725,BS-302,الادارة العامة نسائم صلالة : 10-الحي التجاري,TWO_BEDROOM
a967194c-ba82-46d4-b602-46b4ec973b42,6724,BS-301-B,الادارة العامة نسائم صلالة : 10-الحي التجاري,STUDIO
a967194c-ba82-46d4-b602-46b4ec973b42,6755,BS-301-A,الادارة العامة نسائم صلالة : 10-الحي التجاري,ONE_BEDROOM
a967194c-ba82-46d4-b602-46b4ec973b42,6754,BS-204-B,الادارة العامة نسائم صلالة : 10-الحي التجاري,STUDIO
a967194c-ba82-46d4-b602-46b4ec973b42,6840,BS-204-A,الادارة العامة نسائم صلالة : 10-الحي التجاري,ONE_BEDROOM
a967194c-ba82-46d4-b602-46b4ec973b42,6753,BS-203,الادارة العامة نسائم صلالة : 10-الحي التجاري,TWO_BEDROOM
a967194c-ba82-46d4-b602-46b4ec973b42,6723,BS-202,الادارة العامة نسائم صلالة : 10-الحي التجاري,TWO_BEDROOM
a967194c-ba82-46d4-b602-46b4ec973b42,6722,BS-201-B,الادارة العامة نسائم صلالة : 10-الحي التجاري,STUDIO
a967194c-ba82-46d4-b602-46b4ec973b42,6721,BS-201-A,الادارة العامة نسائم صلالة : 10-الحي التجاري,ONE_BEDROOM
a967194c-ba82-46d4-b602-46b4ec973b42,6720,BS-104-B,الادارة العامة نسائم صلالة : 10-الحي التجاري,STUDIO
a967194c-ba82-46d4-b602-46b4ec973b42,6719,BS-104-A,الادارة العامة نسائم صلالة : 10-الحي التجاري,ONE_BEDROOM
a967194c-ba82-46d4-b602-46b4ec973b42,6718,BS-103,الادارة العامة نسائم صلالة : 10-الحي التجاري,TWO_BEDROOM
a967194c-ba82-46d4-b602-46b4ec973b42,6715,BS-102,الادارة العامة نسائم صلالة : 10-الحي التجاري,TWO_BEDROOM
a967194c-ba82-46d4-b602-46b4ec973b42,6713,BS-101-B,الادارة العامة نسائم صلالة : 10-الحي التجاري,STUDIO
a967194c-ba82-46d4-b602-46b4ec973b42,6714,BS-101-A,الادارة العامة نسائم صلالة : 10-الحي التجاري,ONE_BEDROOM
